,name,Matchgene,Exist
1,DYBA,AAC_6___Ib.,0
2,DYG1,AAC_6___Ib.,0
3,DYG2,AAC_6___Ib.,0
4,DYG3,AAC_6___Ib.,0
5,DYS2A,AAC_6___Ib.,0
6,DYT1,AAC_6___Ib.,0
7,DYW1A,AAC_6___Ib.,0
8,FAQHA,AAC_6___Ib.,0
9,FAQHYA,AAC_6___Ib.,0
10,HYBA,AAC_6___Ib.,0
11,HYG2,AAC_6___Ib.,0
12,HYG3,AAC_6___Ib.,0
13,HYHNGS,AAC_6___Ib.,0
14,HYLY1,AAC_6___Ib.,0
15,HYLY2,AAC_6___Ib.,0
16,HYLY3,AAC_6___Ib.,0
17,HYSZGW,AAC_6___Ib.,0
18,HYT1,AAC_6___Ib.,0
19,HYY1,AAC_6___Ib.,0
20,HYY2,AAC_6___Ib.,0
21,HYYLWS,AAC_6___Ib.,0
22,HYYLWW,AAC_6___Ib.,0
23,LRDYA,AAC_6___Ib.,0
24,LRDYYA,AAC_6___Ib.,0
25,LRHYA,AAC_6___Ib.,0
26,LRHYYA,AAC_6___Ib.,0
27,LRLSA,AAC_6___Ib.,0
28,LRLSYA,AAC_6___Ib.,0
29,LRQHA,AAC_6___Ib.,0
30,LRQHWA,AAC_6___Ib.,0
31,LRQHYWA,AAC_6___Ib.,0
32,LSBA,AAC_6___Ib.,0
33,LSDG1,AAC_6___Ib.,0
34,LSDG2,AAC_6___Ib.,0
35,LSDG3,AAC_6___Ib.,0
36,LSGG1,AAC_6___Ib.,0
37,LSGG2,AAC_6___Ib.,0
38,LSGG3,AAC_6___Ib.,0
39,LSGLB1,AAC_6___Ib.,0
40,LSGY1,AAC_6___Ib.,0
41,LSGY2,AAC_6___Ib.,0
42,LSGY3,AAC_6___Ib.,0
43,LSSA,AAC_6___Ib.,0
44,LSWA,AAC_6___Ib.,0
45,PCQHA,AAC_6___Ib.,0
46,QHBA,AAC_6___Ib.,0
47,QHDG1,AAC_6___Ib.,0
48,QHDG2,AAC_6___Ib.,0
49,QHDG3,AAC_6___Ib.,0
50,QHDT1,AAC_6___Ib.,0
51,QHDW1,AAC_6___Ib.,0
52,QHDW2,AAC_6___Ib.,0
53,QHDW3,AAC_6___Ib.,0
54,QHDYW1,AAC_6___Ib.,0
55,QHDYW2,AAC_6___Ib.,0
56,QHDYW3,AAC_6___Ib.,0
57,QHLW,AAC_6___Ib.,0
58,QHMG1,AAC_6___Ib.,0
59,QHMG2,AAC_6___Ib.,0
60,QHMW1,AAC_6___Ib.,1
61,QHPA,AAC_6___Ib.,0
62,QHPDA,AAC_6___Ib.,0
63,QHWS,AAC_6___Ib.,0
64,QHWW,AAC_6___Ib.,0
65,QHW,AAC_6___Ib.,0
66,QHYWS,AAC_6___Ib.,0
67,TFQHA,AAC_6___Ib.,0
68,DYBA,AAC_6___Ie_APH_2____Ia_bifunctional_protein,0
69,DYG1,AAC_6___Ie_APH_2____Ia_bifunctional_protein,0
70,DYG2,AAC_6___Ie_APH_2____Ia_bifunctional_protein,0
71,DYG3,AAC_6___Ie_APH_2____Ia_bifunctional_protein,0
72,DYS2A,AAC_6___Ie_APH_2____Ia_bifunctional_protein,0
73,DYT1,AAC_6___Ie_APH_2____Ia_bifunctional_protein,0
74,DYW1A,AAC_6___Ie_APH_2____Ia_bifunctional_protein,0
75,FAQHA,AAC_6___Ie_APH_2____Ia_bifunctional_protein,0
76,FAQHYA,AAC_6___Ie_APH_2____Ia_bifunctional_protein,0
77,HYBA,AAC_6___Ie_APH_2____Ia_bifunctional_protein,0
78,HYG2,AAC_6___Ie_APH_2____Ia_bifunctional_protein,0
79,HYG3,AAC_6___Ie_APH_2____Ia_bifunctional_protein,0
80,HYHNGS,AAC_6___Ie_APH_2____Ia_bifunctional_protein,0
81,HYLY1,AAC_6___Ie_APH_2____Ia_bifunctional_protein,0
82,HYLY2,AAC_6___Ie_APH_2____Ia_bifunctional_protein,0
83,HYLY3,AAC_6___Ie_APH_2____Ia_bifunctional_protein,0
84,HYSZGW,AAC_6___Ie_APH_2____Ia_bifunctional_protein,0
85,HYT1,AAC_6___Ie_APH_2____Ia_bifunctional_protein,0
86,HYY1,AAC_6___Ie_APH_2____Ia_bifunctional_protein,0
87,HYY2,AAC_6___Ie_APH_2____Ia_bifunctional_protein,0
88,HYYLWS,AAC_6___Ie_APH_2____Ia_bifunctional_protein,0
89,HYYLWW,AAC_6___Ie_APH_2____Ia_bifunctional_protein,0
90,LRDYA,AAC_6___Ie_APH_2____Ia_bifunctional_protein,0
91,LRDYYA,AAC_6___Ie_APH_2____Ia_bifunctional_protein,0
92,LRHYA,AAC_6___Ie_APH_2____Ia_bifunctional_protein,0
93,LRHYYA,AAC_6___Ie_APH_2____Ia_bifunctional_protein,0
94,LRLSA,AAC_6___Ie_APH_2____Ia_bifunctional_protein,0
95,LRLSYA,AAC_6___Ie_APH_2____Ia_bifunctional_protein,0
96,LRQHA,AAC_6___Ie_APH_2____Ia_bifunctional_protein,0
97,LRQHWA,AAC_6___Ie_APH_2____Ia_bifunctional_protein,0
98,LRQHYWA,AAC_6___Ie_APH_2____Ia_bifunctional_protein,0
99,LSBA,AAC_6___Ie_APH_2____Ia_bifunctional_protein,0
100,LSDG1,AAC_6___Ie_APH_2____Ia_bifunctional_protein,0
101,LSDG2,AAC_6___Ie_APH_2____Ia_bifunctional_protein,0
102,LSDG3,AAC_6___Ie_APH_2____Ia_bifunctional_protein,0
103,LSGG1,AAC_6___Ie_APH_2____Ia_bifunctional_protein,0
104,LSGG2,AAC_6___Ie_APH_2____Ia_bifunctional_protein,0
105,LSGG3,AAC_6___Ie_APH_2____Ia_bifunctional_protein,0
106,LSGLB1,AAC_6___Ie_APH_2____Ia_bifunctional_protein,0
107,LSGY1,AAC_6___Ie_APH_2____Ia_bifunctional_protein,0
108,LSGY2,AAC_6___Ie_APH_2____Ia_bifunctional_protein,0
109,LSGY3,AAC_6___Ie_APH_2____Ia_bifunctional_protein,0
110,LSSA,AAC_6___Ie_APH_2____Ia_bifunctional_protein,0
111,LSWA,AAC_6___Ie_APH_2____Ia_bifunctional_protein,0
112,PCQHA,AAC_6___Ie_APH_2____Ia_bifunctional_protein,0
113,QHBA,AAC_6___Ie_APH_2____Ia_bifunctional_protein,0
114,QHDG1,AAC_6___Ie_APH_2____Ia_bifunctional_protein,0
115,QHDG2,AAC_6___Ie_APH_2____Ia_bifunctional_protein,0
116,QHDG3,AAC_6___Ie_APH_2____Ia_bifunctional_protein,0
117,QHDT1,AAC_6___Ie_APH_2____Ia_bifunctional_protein,0
118,QHDW1,AAC_6___Ie_APH_2____Ia_bifunctional_protein,0
119,QHDW2,AAC_6___Ie_APH_2____Ia_bifunctional_protein,0
120,QHDW3,AAC_6___Ie_APH_2____Ia_bifunctional_protein,0
121,QHDYW1,AAC_6___Ie_APH_2____Ia_bifunctional_protein,0
122,QHDYW2,AAC_6___Ie_APH_2____Ia_bifunctional_protein,0
123,QHDYW3,AAC_6___Ie_APH_2____Ia_bifunctional_protein,0
124,QHLW,AAC_6___Ie_APH_2____Ia_bifunctional_protein,0
125,QHMG1,AAC_6___Ie_APH_2____Ia_bifunctional_protein,1
126,QHMG2,AAC_6___Ie_APH_2____Ia_bifunctional_protein,0
127,QHMW1,AAC_6___Ie_APH_2____Ia_bifunctional_protein,0
128,QHPA,AAC_6___Ie_APH_2____Ia_bifunctional_protein,0
129,QHPDA,AAC_6___Ie_APH_2____Ia_bifunctional_protein,0
130,QHWS,AAC_6___Ie_APH_2____Ia_bifunctional_protein,0
131,QHWW,AAC_6___Ie_APH_2____Ia_bifunctional_protein,0
132,QHW,AAC_6___Ie_APH_2____Ia_bifunctional_protein,0
133,QHYWS,AAC_6___Ie_APH_2____Ia_bifunctional_protein,0
134,TFQHA,AAC_6___Ie_APH_2____Ia_bifunctional_protein,0
135,DYBA,ANT_4___Ib,0
136,DYG1,ANT_4___Ib,0
137,DYG2,ANT_4___Ib,0
138,DYG3,ANT_4___Ib,0
139,DYS2A,ANT_4___Ib,0
140,DYT1,ANT_4___Ib,0
141,DYW1A,ANT_4___Ib,0
142,FAQHA,ANT_4___Ib,0
143,FAQHYA,ANT_4___Ib,0
144,HYBA,ANT_4___Ib,0
145,HYG2,ANT_4___Ib,0
146,HYG3,ANT_4___Ib,0
147,HYHNGS,ANT_4___Ib,0
148,HYLY1,ANT_4___Ib,0
149,HYLY2,ANT_4___Ib,0
150,HYLY3,ANT_4___Ib,0
151,HYSZGW,ANT_4___Ib,0
152,HYT1,ANT_4___Ib,0
153,HYY1,ANT_4___Ib,0
154,HYY2,ANT_4___Ib,0
155,HYYLWS,ANT_4___Ib,0
156,HYYLWW,ANT_4___Ib,0
157,LRDYA,ANT_4___Ib,0
158,LRDYYA,ANT_4___Ib,0
159,LRHYA,ANT_4___Ib,0
160,LRHYYA,ANT_4___Ib,0
161,LRLSA,ANT_4___Ib,0
162,LRLSYA,ANT_4___Ib,0
163,LRQHA,ANT_4___Ib,0
164,LRQHWA,ANT_4___Ib,0
165,LRQHYWA,ANT_4___Ib,0
166,LSBA,ANT_4___Ib,0
167,LSDG1,ANT_4___Ib,0
168,LSDG2,ANT_4___Ib,0
169,LSDG3,ANT_4___Ib,0
170,LSGG1,ANT_4___Ib,0
171,LSGG2,ANT_4___Ib,0
172,LSGG3,ANT_4___Ib,0
173,LSGLB1,ANT_4___Ib,0
174,LSGY1,ANT_4___Ib,0
175,LSGY2,ANT_4___Ib,0
176,LSGY3,ANT_4___Ib,0
177,LSSA,ANT_4___Ib,0
178,LSWA,ANT_4___Ib,0
179,PCQHA,ANT_4___Ib,0
180,QHBA,ANT_4___Ib,0
181,QHDG1,ANT_4___Ib,0
182,QHDG2,ANT_4___Ib,0
183,QHDG3,ANT_4___Ib,0
184,QHDT1,ANT_4___Ib,0
185,QHDW1,ANT_4___Ib,0
186,QHDW2,ANT_4___Ib,0
187,QHDW3,ANT_4___Ib,0
188,QHDYW1,ANT_4___Ib,0
189,QHDYW2,ANT_4___Ib,0
190,QHDYW3,ANT_4___Ib,1
191,QHLW,ANT_4___Ib,0
192,QHMG1,ANT_4___Ib,1
193,QHMG2,ANT_4___Ib,0
194,QHMW1,ANT_4___Ib,0
195,QHPA,ANT_4___Ib,0
196,QHPDA,ANT_4___Ib,0
197,QHWS,ANT_4___Ib,0
198,QHWW,ANT_4___Ib,0
199,QHW,ANT_4___Ib,0
200,QHYWS,ANT_4___Ib,0
201,TFQHA,ANT_4___Ib,0
202,DYBA,ANT_6__Ia,0
203,DYG1,ANT_6__Ia,0
204,DYG2,ANT_6__Ia,0
205,DYG3,ANT_6__Ia,0
206,DYS2A,ANT_6__Ia,0
207,DYT1,ANT_6__Ia,0
208,DYW1A,ANT_6__Ia,0
209,FAQHA,ANT_6__Ia,0
210,FAQHYA,ANT_6__Ia,0
211,HYBA,ANT_6__Ia,0
212,HYG2,ANT_6__Ia,0
213,HYG3,ANT_6__Ia,0
214,HYHNGS,ANT_6__Ia,0
215,HYLY1,ANT_6__Ia,0
216,HYLY2,ANT_6__Ia,0
217,HYLY3,ANT_6__Ia,0
218,HYSZGW,ANT_6__Ia,0
219,HYT1,ANT_6__Ia,0
220,HYY1,ANT_6__Ia,0
221,HYY2,ANT_6__Ia,0
222,HYYLWS,ANT_6__Ia,0
223,HYYLWW,ANT_6__Ia,0
224,LRDYA,ANT_6__Ia,0
225,LRDYYA,ANT_6__Ia,0
226,LRHYA,ANT_6__Ia,0
227,LRHYYA,ANT_6__Ia,0
228,LRLSA,ANT_6__Ia,0
229,LRLSYA,ANT_6__Ia,0
230,LRQHA,ANT_6__Ia,0
231,LRQHWA,ANT_6__Ia,0
232,LRQHYWA,ANT_6__Ia,0
233,LSBA,ANT_6__Ia,0
234,LSDG1,ANT_6__Ia,0
235,LSDG2,ANT_6__Ia,0
236,LSDG3,ANT_6__Ia,0
237,LSGG1,ANT_6__Ia,0
238,LSGG2,ANT_6__Ia,0
239,LSGG3,ANT_6__Ia,0
240,LSGLB1,ANT_6__Ia,0
241,LSGY1,ANT_6__Ia,0
242,LSGY2,ANT_6__Ia,0
243,LSGY3,ANT_6__Ia,0
244,LSSA,ANT_6__Ia,0
245,LSWA,ANT_6__Ia,0
246,PCQHA,ANT_6__Ia,0
247,QHBA,ANT_6__Ia,0
248,QHDG1,ANT_6__Ia,0
249,QHDG2,ANT_6__Ia,0
250,QHDG3,ANT_6__Ia,0
251,QHDT1,ANT_6__Ia,0
252,QHDW1,ANT_6__Ia,0
253,QHDW2,ANT_6__Ia,0
254,QHDW3,ANT_6__Ia,0
255,QHDYW1,ANT_6__Ia,0
256,QHDYW2,ANT_6__Ia,0
257,QHDYW3,ANT_6__Ia,1
258,QHLW,ANT_6__Ia,0
259,QHMG1,ANT_6__Ia,1
260,QHMG2,ANT_6__Ia,0
261,QHMW1,ANT_6__Ia,0
262,QHPA,ANT_6__Ia,0
263,QHPDA,ANT_6__Ia,0
264,QHWS,ANT_6__Ia,0
265,QHWW,ANT_6__Ia,0
266,QHW,ANT_6__Ia,0
267,QHYWS,ANT_6__Ia,0
268,TFQHA,ANT_6__Ia,0
269,DYBA,ANT_9__Ia,0
270,DYG1,ANT_9__Ia,0
271,DYG2,ANT_9__Ia,0
272,DYG3,ANT_9__Ia,0
273,DYS2A,ANT_9__Ia,0
274,DYT1,ANT_9__Ia,0
275,DYW1A,ANT_9__Ia,0
276,FAQHA,ANT_9__Ia,0
277,FAQHYA,ANT_9__Ia,0
278,HYBA,ANT_9__Ia,0
279,HYG2,ANT_9__Ia,0
280,HYG3,ANT_9__Ia,0
281,HYHNGS,ANT_9__Ia,0
282,HYLY1,ANT_9__Ia,0
283,HYLY2,ANT_9__Ia,0
284,HYLY3,ANT_9__Ia,0
285,HYSZGW,ANT_9__Ia,0
286,HYT1,ANT_9__Ia,0
287,HYY1,ANT_9__Ia,0
288,HYY2,ANT_9__Ia,0
289,HYYLWS,ANT_9__Ia,0
290,HYYLWW,ANT_9__Ia,0
291,LRDYA,ANT_9__Ia,0
292,LRDYYA,ANT_9__Ia,0
293,LRHYA,ANT_9__Ia,0
294,LRHYYA,ANT_9__Ia,0
295,LRLSA,ANT_9__Ia,0
296,LRLSYA,ANT_9__Ia,0
297,LRQHA,ANT_9__Ia,0
298,LRQHWA,ANT_9__Ia,0
299,LRQHYWA,ANT_9__Ia,0
300,LSBA,ANT_9__Ia,0
301,LSDG1,ANT_9__Ia,0
302,LSDG2,ANT_9__Ia,0
303,LSDG3,ANT_9__Ia,0
304,LSGG1,ANT_9__Ia,0
305,LSGG2,ANT_9__Ia,0
306,LSGG3,ANT_9__Ia,0
307,LSGLB1,ANT_9__Ia,0
308,LSGY1,ANT_9__Ia,0
309,LSGY2,ANT_9__Ia,0
310,LSGY3,ANT_9__Ia,0
311,LSSA,ANT_9__Ia,0
312,LSWA,ANT_9__Ia,0
313,PCQHA,ANT_9__Ia,0
314,QHBA,ANT_9__Ia,0
315,QHDG1,ANT_9__Ia,0
316,QHDG2,ANT_9__Ia,0
317,QHDG3,ANT_9__Ia,0
318,QHDT1,ANT_9__Ia,0
319,QHDW1,ANT_9__Ia,0
320,QHDW2,ANT_9__Ia,0
321,QHDW3,ANT_9__Ia,0
322,QHDYW1,ANT_9__Ia,0
323,QHDYW2,ANT_9__Ia,0
324,QHDYW3,ANT_9__Ia,1
325,QHLW,ANT_9__Ia,0
326,QHMG1,ANT_9__Ia,0
327,QHMG2,ANT_9__Ia,0
328,QHMW1,ANT_9__Ia,0
329,QHPA,ANT_9__Ia,0
330,QHPDA,ANT_9__Ia,0
331,QHWS,ANT_9__Ia,0
332,QHWW,ANT_9__Ia,0
333,QHW,ANT_9__Ia,0
334,QHYWS,ANT_9__Ia,0
335,TFQHA,ANT_9__Ia,0
336,DYBA,APH_3___IIIa,0
337,DYG1,APH_3___IIIa,0
338,DYG2,APH_3___IIIa,0
339,DYG3,APH_3___IIIa,0
340,DYS2A,APH_3___IIIa,0
341,DYT1,APH_3___IIIa,0
342,DYW1A,APH_3___IIIa,0
343,FAQHA,APH_3___IIIa,0
344,FAQHYA,APH_3___IIIa,0
345,HYBA,APH_3___IIIa,0
346,HYG2,APH_3___IIIa,0
347,HYG3,APH_3___IIIa,0
348,HYHNGS,APH_3___IIIa,0
349,HYLY1,APH_3___IIIa,0
350,HYLY2,APH_3___IIIa,0
351,HYLY3,APH_3___IIIa,0
352,HYSZGW,APH_3___IIIa,0
353,HYT1,APH_3___IIIa,0
354,HYY1,APH_3___IIIa,0
355,HYY2,APH_3___IIIa,0
356,HYYLWS,APH_3___IIIa,0
357,HYYLWW,APH_3___IIIa,0
358,LRDYA,APH_3___IIIa,0
359,LRDYYA,APH_3___IIIa,0
360,LRHYA,APH_3___IIIa,0
361,LRHYYA,APH_3___IIIa,0
362,LRLSA,APH_3___IIIa,0
363,LRLSYA,APH_3___IIIa,0
364,LRQHA,APH_3___IIIa,0
365,LRQHWA,APH_3___IIIa,0
366,LRQHYWA,APH_3___IIIa,0
367,LSBA,APH_3___IIIa,0
368,LSDG1,APH_3___IIIa,0
369,LSDG2,APH_3___IIIa,0
370,LSDG3,APH_3___IIIa,0
371,LSGG1,APH_3___IIIa,0
372,LSGG2,APH_3___IIIa,0
373,LSGG3,APH_3___IIIa,0
374,LSGLB1,APH_3___IIIa,0
375,LSGY1,APH_3___IIIa,0
376,LSGY2,APH_3___IIIa,0
377,LSGY3,APH_3___IIIa,0
378,LSSA,APH_3___IIIa,0
379,LSWA,APH_3___IIIa,0
380,PCQHA,APH_3___IIIa,0
381,QHBA,APH_3___IIIa,0
382,QHDG1,APH_3___IIIa,0
383,QHDG2,APH_3___IIIa,0
384,QHDG3,APH_3___IIIa,0
385,QHDT1,APH_3___IIIa,0
386,QHDW1,APH_3___IIIa,0
387,QHDW2,APH_3___IIIa,0
388,QHDW3,APH_3___IIIa,0
389,QHDYW1,APH_3___IIIa,0
390,QHDYW2,APH_3___IIIa,0
391,QHDYW3,APH_3___IIIa,1
392,QHLW,APH_3___IIIa,0
393,QHMG1,APH_3___IIIa,0
394,QHMG2,APH_3___IIIa,0
395,QHMW1,APH_3___IIIa,0
396,QHPA,APH_3___IIIa,0
397,QHPDA,APH_3___IIIa,0
398,QHWS,APH_3___IIIa,0
399,QHWW,APH_3___IIIa,0
400,QHW,APH_3___IIIa,0
401,QHYWS,APH_3___IIIa,0
402,TFQHA,APH_3___IIIa,0
403,DYBA,APH_3___IIa,0
404,DYG1,APH_3___IIa,0
405,DYG2,APH_3___IIa,0
406,DYG3,APH_3___IIa,0
407,DYS2A,APH_3___IIa,0
408,DYT1,APH_3___IIa,0
409,DYW1A,APH_3___IIa,0
410,FAQHA,APH_3___IIa,0
411,FAQHYA,APH_3___IIa,0
412,HYBA,APH_3___IIa,0
413,HYG2,APH_3___IIa,0
414,HYG3,APH_3___IIa,0
415,HYHNGS,APH_3___IIa,0
416,HYLY1,APH_3___IIa,0
417,HYLY2,APH_3___IIa,0
418,HYLY3,APH_3___IIa,0
419,HYSZGW,APH_3___IIa,0
420,HYT1,APH_3___IIa,0
421,HYY1,APH_3___IIa,0
422,HYY2,APH_3___IIa,0
423,HYYLWS,APH_3___IIa,1
424,HYYLWW,APH_3___IIa,0
425,LRDYA,APH_3___IIa,0
426,LRDYYA,APH_3___IIa,0
427,LRHYA,APH_3___IIa,0
428,LRHYYA,APH_3___IIa,0
429,LRLSA,APH_3___IIa,0
430,LRLSYA,APH_3___IIa,0
431,LRQHA,APH_3___IIa,0
432,LRQHWA,APH_3___IIa,0
433,LRQHYWA,APH_3___IIa,0
434,LSBA,APH_3___IIa,0
435,LSDG1,APH_3___IIa,0
436,LSDG2,APH_3___IIa,0
437,LSDG3,APH_3___IIa,0
438,LSGG1,APH_3___IIa,0
439,LSGG2,APH_3___IIa,0
440,LSGG3,APH_3___IIa,0
441,LSGLB1,APH_3___IIa,0
442,LSGY1,APH_3___IIa,0
443,LSGY2,APH_3___IIa,0
444,LSGY3,APH_3___IIa,0
445,LSSA,APH_3___IIa,0
446,LSWA,APH_3___IIa,0
447,PCQHA,APH_3___IIa,0
448,QHBA,APH_3___IIa,0
449,QHDG1,APH_3___IIa,0
450,QHDG2,APH_3___IIa,0
451,QHDG3,APH_3___IIa,0
452,QHDT1,APH_3___IIa,0
453,QHDW1,APH_3___IIa,0
454,QHDW2,APH_3___IIa,0
455,QHDW3,APH_3___IIa,0
456,QHDYW1,APH_3___IIa,0
457,QHDYW2,APH_3___IIa,0
458,QHDYW3,APH_3___IIa,0
459,QHLW,APH_3___IIa,0
460,QHMG1,APH_3___IIa,0
461,QHMG2,APH_3___IIa,0
462,QHMW1,APH_3___IIa,0
463,QHPA,APH_3___IIa,0
464,QHPDA,APH_3___IIa,0
465,QHWS,APH_3___IIa,0
466,QHWW,APH_3___IIa,0
467,QHW,APH_3___IIa,0
468,QHYWS,APH_3___IIa,0
469,TFQHA,APH_3___IIa,0
470,DYBA,APH_3___Ia,0
471,DYG1,APH_3___Ia,0
472,DYG2,APH_3___Ia,0
473,DYG3,APH_3___Ia,0
474,DYS2A,APH_3___Ia,0
475,DYT1,APH_3___Ia,0
476,DYW1A,APH_3___Ia,0
477,FAQHA,APH_3___Ia,0
478,FAQHYA,APH_3___Ia,0
479,HYBA,APH_3___Ia,0
480,HYG2,APH_3___Ia,0
481,HYG3,APH_3___Ia,0
482,HYHNGS,APH_3___Ia,0
483,HYLY1,APH_3___Ia,0
484,HYLY2,APH_3___Ia,0
485,HYLY3,APH_3___Ia,0
486,HYSZGW,APH_3___Ia,0
487,HYT1,APH_3___Ia,0
488,HYY1,APH_3___Ia,0
489,HYY2,APH_3___Ia,0
490,HYYLWS,APH_3___Ia,0
491,HYYLWW,APH_3___Ia,0
492,LRDYA,APH_3___Ia,0
493,LRDYYA,APH_3___Ia,0
494,LRHYA,APH_3___Ia,0
495,LRHYYA,APH_3___Ia,0
496,LRLSA,APH_3___Ia,0
497,LRLSYA,APH_3___Ia,0
498,LRQHA,APH_3___Ia,0
499,LRQHWA,APH_3___Ia,0
500,LRQHYWA,APH_3___Ia,0
501,LSBA,APH_3___Ia,0
502,LSDG1,APH_3___Ia,0
503,LSDG2,APH_3___Ia,0
504,LSDG3,APH_3___Ia,0
505,LSGG1,APH_3___Ia,0
506,LSGG2,APH_3___Ia,0
507,LSGG3,APH_3___Ia,0
508,LSGLB1,APH_3___Ia,0
509,LSGY1,APH_3___Ia,0
510,LSGY2,APH_3___Ia,0
511,LSGY3,APH_3___Ia,0
512,LSSA,APH_3___Ia,0
513,LSWA,APH_3___Ia,0
514,PCQHA,APH_3___Ia,0
515,QHBA,APH_3___Ia,0
516,QHDG1,APH_3___Ia,0
517,QHDG2,APH_3___Ia,0
518,QHDG3,APH_3___Ia,0
519,QHDT1,APH_3___Ia,0
520,QHDW1,APH_3___Ia,0
521,QHDW2,APH_3___Ia,0
522,QHDW3,APH_3___Ia,0
523,QHDYW1,APH_3___Ia,0
524,QHDYW2,APH_3___Ia,0
525,QHDYW3,APH_3___Ia,0
526,QHLW,APH_3___Ia,0
527,QHMG1,APH_3___Ia,0
528,QHMG2,APH_3___Ia,0
529,QHMW1,APH_3___Ia,1
530,QHPA,APH_3___Ia,0
531,QHPDA,APH_3___Ia,0
532,QHWS,APH_3___Ia,0
533,QHWW,APH_3___Ia,0
534,QHW,APH_3___Ia,0
535,QHYWS,APH_3___Ia,0
536,TFQHA,APH_3___Ia,0
537,DYBA,APH_3____Ib,0
538,DYG1,APH_3____Ib,0
539,DYG2,APH_3____Ib,0
540,DYG3,APH_3____Ib,0
541,DYS2A,APH_3____Ib,0
542,DYT1,APH_3____Ib,0
543,DYW1A,APH_3____Ib,0
544,FAQHA,APH_3____Ib,0
545,FAQHYA,APH_3____Ib,0
546,HYBA,APH_3____Ib,0
547,HYG2,APH_3____Ib,0
548,HYG3,APH_3____Ib,0
549,HYHNGS,APH_3____Ib,0
550,HYLY1,APH_3____Ib,0
551,HYLY2,APH_3____Ib,0
552,HYLY3,APH_3____Ib,0
553,HYSZGW,APH_3____Ib,0
554,HYT1,APH_3____Ib,0
555,HYY1,APH_3____Ib,0
556,HYY2,APH_3____Ib,0
557,HYYLWS,APH_3____Ib,0
558,HYYLWW,APH_3____Ib,0
559,LRDYA,APH_3____Ib,0
560,LRDYYA,APH_3____Ib,0
561,LRHYA,APH_3____Ib,0
562,LRHYYA,APH_3____Ib,0
563,LRLSA,APH_3____Ib,0
564,LRLSYA,APH_3____Ib,0
565,LRQHA,APH_3____Ib,0
566,LRQHWA,APH_3____Ib,0
567,LRQHYWA,APH_3____Ib,0
568,LSBA,APH_3____Ib,0
569,LSDG1,APH_3____Ib,0
570,LSDG2,APH_3____Ib,0
571,LSDG3,APH_3____Ib,0
572,LSGG1,APH_3____Ib,0
573,LSGG2,APH_3____Ib,0
574,LSGG3,APH_3____Ib,0
575,LSGLB1,APH_3____Ib,0
576,LSGY1,APH_3____Ib,0
577,LSGY2,APH_3____Ib,0
578,LSGY3,APH_3____Ib,0
579,LSSA,APH_3____Ib,0
580,LSWA,APH_3____Ib,0
581,PCQHA,APH_3____Ib,0
582,QHBA,APH_3____Ib,0
583,QHDG1,APH_3____Ib,0
584,QHDG2,APH_3____Ib,0
585,QHDG3,APH_3____Ib,0
586,QHDT1,APH_3____Ib,0
587,QHDW1,APH_3____Ib,0
588,QHDW2,APH_3____Ib,0
589,QHDW3,APH_3____Ib,0
590,QHDYW1,APH_3____Ib,0
591,QHDYW2,APH_3____Ib,0
592,QHDYW3,APH_3____Ib,0
593,QHLW,APH_3____Ib,0
594,QHMG1,APH_3____Ib,0
595,QHMG2,APH_3____Ib,0
596,QHMW1,APH_3____Ib,1
597,QHPA,APH_3____Ib,0
598,QHPDA,APH_3____Ib,0
599,QHWS,APH_3____Ib,0
600,QHWW,APH_3____Ib,0
601,QHW,APH_3____Ib,0
602,QHYWS,APH_3____Ib,0
603,TFQHA,APH_3____Ib,0
604,DYBA,APH_6__Id,0
605,DYG1,APH_6__Id,0
606,DYG2,APH_6__Id,0
607,DYG3,APH_6__Id,0
608,DYS2A,APH_6__Id,0
609,DYT1,APH_6__Id,0
610,DYW1A,APH_6__Id,0
611,FAQHA,APH_6__Id,0
612,FAQHYA,APH_6__Id,0
613,HYBA,APH_6__Id,0
614,HYG2,APH_6__Id,0
615,HYG3,APH_6__Id,0
616,HYHNGS,APH_6__Id,0
617,HYLY1,APH_6__Id,0
618,HYLY2,APH_6__Id,0
619,HYLY3,APH_6__Id,0
620,HYSZGW,APH_6__Id,0
621,HYT1,APH_6__Id,0
622,HYY1,APH_6__Id,0
623,HYY2,APH_6__Id,0
624,HYYLWS,APH_6__Id,0
625,HYYLWW,APH_6__Id,0
626,LRDYA,APH_6__Id,0
627,LRDYYA,APH_6__Id,0
628,LRHYA,APH_6__Id,0
629,LRHYYA,APH_6__Id,0
630,LRLSA,APH_6__Id,0
631,LRLSYA,APH_6__Id,0
632,LRQHA,APH_6__Id,0
633,LRQHWA,APH_6__Id,0
634,LRQHYWA,APH_6__Id,0
635,LSBA,APH_6__Id,0
636,LSDG1,APH_6__Id,0
637,LSDG2,APH_6__Id,0
638,LSDG3,APH_6__Id,0
639,LSGG1,APH_6__Id,0
640,LSGG2,APH_6__Id,0
641,LSGG3,APH_6__Id,0
642,LSGLB1,APH_6__Id,0
643,LSGY1,APH_6__Id,0
644,LSGY2,APH_6__Id,0
645,LSGY3,APH_6__Id,0
646,LSSA,APH_6__Id,0
647,LSWA,APH_6__Id,0
648,PCQHA,APH_6__Id,0
649,QHBA,APH_6__Id,0
650,QHDG1,APH_6__Id,0
651,QHDG2,APH_6__Id,0
652,QHDG3,APH_6__Id,0
653,QHDT1,APH_6__Id,0
654,QHDW1,APH_6__Id,0
655,QHDW2,APH_6__Id,0
656,QHDW3,APH_6__Id,0
657,QHDYW1,APH_6__Id,0
658,QHDYW2,APH_6__Id,0
659,QHDYW3,APH_6__Id,1
660,QHLW,APH_6__Id,0
661,QHMG1,APH_6__Id,0
662,QHMG2,APH_6__Id,0
663,QHMW1,APH_6__Id,1
664,QHPA,APH_6__Id,0
665,QHPDA,APH_6__Id,0
666,QHWS,APH_6__Id,0
667,QHWW,APH_6__Id,0
668,QHW,APH_6__Id,0
669,QHYWS,APH_6__Id,0
670,TFQHA,APH_6__Id,0
671,DYBA,BLMT,0
672,DYG1,BLMT,0
673,DYG2,BLMT,0
674,DYG3,BLMT,0
675,DYS2A,BLMT,0
676,DYT1,BLMT,0
677,DYW1A,BLMT,0
678,FAQHA,BLMT,0
679,FAQHYA,BLMT,0
680,HYBA,BLMT,0
681,HYG2,BLMT,0
682,HYG3,BLMT,0
683,HYHNGS,BLMT,0
684,HYLY1,BLMT,0
685,HYLY2,BLMT,0
686,HYLY3,BLMT,0
687,HYSZGW,BLMT,0
688,HYT1,BLMT,0
689,HYY1,BLMT,0
690,HYY2,BLMT,0
691,HYYLWS,BLMT,1
692,HYYLWW,BLMT,0
693,LRDYA,BLMT,0
694,LRDYYA,BLMT,0
695,LRHYA,BLMT,0
696,LRHYYA,BLMT,0
697,LRLSA,BLMT,0
698,LRLSYA,BLMT,0
699,LRQHA,BLMT,0
700,LRQHWA,BLMT,0
701,LRQHYWA,BLMT,0
702,LSBA,BLMT,1
703,LSDG1,BLMT,0
704,LSDG2,BLMT,0
705,LSDG3,BLMT,0
706,LSGG1,BLMT,0
707,LSGG2,BLMT,0
708,LSGG3,BLMT,0
709,LSGLB1,BLMT,0
710,LSGY1,BLMT,0
711,LSGY2,BLMT,0
712,LSGY3,BLMT,0
713,LSSA,BLMT,0
714,LSWA,BLMT,0
715,PCQHA,BLMT,0
716,QHBA,BLMT,0
717,QHDG1,BLMT,0
718,QHDG2,BLMT,0
719,QHDG3,BLMT,0
720,QHDT1,BLMT,0
721,QHDW1,BLMT,0
722,QHDW2,BLMT,0
723,QHDW3,BLMT,0
724,QHDYW1,BLMT,0
725,QHDYW2,BLMT,0
726,QHDYW3,BLMT,0
727,QHLW,BLMT,0
728,QHMG1,BLMT,0
729,QHMG2,BLMT,0
730,QHMW1,BLMT,0
731,QHPA,BLMT,0
732,QHPDA,BLMT,0
733,QHWS,BLMT,0
734,QHWW,BLMT,0
735,QHW,BLMT,0
736,QHYWS,BLMT,0
737,TFQHA,BLMT,0
738,DYBA,CRP,0
739,DYG1,CRP,0
740,DYG2,CRP,0
741,DYG3,CRP,0
742,DYS2A,CRP,0
743,DYT1,CRP,0
744,DYW1A,CRP,0
745,FAQHA,CRP,0
746,FAQHYA,CRP,0
747,HYBA,CRP,0
748,HYG2,CRP,0
749,HYG3,CRP,0
750,HYHNGS,CRP,0
751,HYLY1,CRP,0
752,HYLY2,CRP,0
753,HYLY3,CRP,0
754,HYSZGW,CRP,0
755,HYT1,CRP,0
756,HYY1,CRP,0
757,HYY2,CRP,0
758,HYYLWS,CRP,0
759,HYYLWW,CRP,0
760,LRDYA,CRP,0
761,LRDYYA,CRP,0
762,LRHYA,CRP,0
763,LRHYYA,CRP,0
764,LRLSA,CRP,0
765,LRLSYA,CRP,0
766,LRQHA,CRP,0
767,LRQHWA,CRP,0
768,LRQHYWA,CRP,0
769,LSBA,CRP,0
770,LSDG1,CRP,0
771,LSDG2,CRP,0
772,LSDG3,CRP,0
773,LSGG1,CRP,0
774,LSGG2,CRP,0
775,LSGG3,CRP,0
776,LSGLB1,CRP,0
777,LSGY1,CRP,0
778,LSGY2,CRP,0
779,LSGY3,CRP,0
780,LSSA,CRP,0
781,LSWA,CRP,0
782,PCQHA,CRP,0
783,QHBA,CRP,0
784,QHDG1,CRP,0
785,QHDG2,CRP,0
786,QHDG3,CRP,0
787,QHDT1,CRP,0
788,QHDW1,CRP,0
789,QHDW2,CRP,0
790,QHDW3,CRP,0
791,QHDYW1,CRP,0
792,QHDYW2,CRP,0
793,QHDYW3,CRP,0
794,QHLW,CRP,0
795,QHMG1,CRP,0
796,QHMG2,CRP,1
797,QHMW1,CRP,0
798,QHPA,CRP,0
799,QHPDA,CRP,0
800,QHWS,CRP,0
801,QHWW,CRP,0
802,QHW,CRP,0
803,QHYWS,CRP,0
804,TFQHA,CRP,0
805,DYBA,ErmT,0
806,DYG1,ErmT,0
807,DYG2,ErmT,0
808,DYG3,ErmT,0
809,DYS2A,ErmT,0
810,DYT1,ErmT,0
811,DYW1A,ErmT,0
812,FAQHA,ErmT,0
813,FAQHYA,ErmT,0
814,HYBA,ErmT,0
815,HYG2,ErmT,0
816,HYG3,ErmT,0
817,HYHNGS,ErmT,0
818,HYLY1,ErmT,0
819,HYLY2,ErmT,0
820,HYLY3,ErmT,0
821,HYSZGW,ErmT,0
822,HYT1,ErmT,0
823,HYY1,ErmT,1
824,HYY2,ErmT,0
825,HYYLWS,ErmT,0
826,HYYLWW,ErmT,0
827,LRDYA,ErmT,0
828,LRDYYA,ErmT,0
829,LRHYA,ErmT,0
830,LRHYYA,ErmT,0
831,LRLSA,ErmT,0
832,LRLSYA,ErmT,0
833,LRQHA,ErmT,0
834,LRQHWA,ErmT,0
835,LRQHYWA,ErmT,0
836,LSBA,ErmT,0
837,LSDG1,ErmT,0
838,LSDG2,ErmT,0
839,LSDG3,ErmT,0
840,LSGG1,ErmT,0
841,LSGG2,ErmT,0
842,LSGG3,ErmT,0
843,LSGLB1,ErmT,0
844,LSGY1,ErmT,0
845,LSGY2,ErmT,0
846,LSGY3,ErmT,0
847,LSSA,ErmT,0
848,LSWA,ErmT,0
849,PCQHA,ErmT,0
850,QHBA,ErmT,0
851,QHDG1,ErmT,1
852,QHDG2,ErmT,0
853,QHDG3,ErmT,0
854,QHDT1,ErmT,0
855,QHDW1,ErmT,0
856,QHDW2,ErmT,0
857,QHDW3,ErmT,0
858,QHDYW1,ErmT,0
859,QHDYW2,ErmT,0
860,QHDYW3,ErmT,0
861,QHLW,ErmT,0
862,QHMG1,ErmT,0
863,QHMG2,ErmT,0
864,QHMW1,ErmT,0
865,QHPA,ErmT,0
866,QHPDA,ErmT,0
867,QHWS,ErmT,0
868,QHWW,ErmT,0
869,QHW,ErmT,0
870,QHYWS,ErmT,0
871,TFQHA,ErmT,0
872,DYBA,Escherichia_coli_AcrAB_TolC_1,0
873,DYG1,Escherichia_coli_AcrAB_TolC_1,0
874,DYG2,Escherichia_coli_AcrAB_TolC_1,0
875,DYG3,Escherichia_coli_AcrAB_TolC_1,0
876,DYS2A,Escherichia_coli_AcrAB_TolC_1,0
877,DYT1,Escherichia_coli_AcrAB_TolC_1,0
878,DYW1A,Escherichia_coli_AcrAB_TolC_1,0
879,FAQHA,Escherichia_coli_AcrAB_TolC_1,0
880,FAQHYA,Escherichia_coli_AcrAB_TolC_1,0
881,HYBA,Escherichia_coli_AcrAB_TolC_1,0
882,HYG2,Escherichia_coli_AcrAB_TolC_1,0
883,HYG3,Escherichia_coli_AcrAB_TolC_1,0
884,HYHNGS,Escherichia_coli_AcrAB_TolC_1,0
885,HYLY1,Escherichia_coli_AcrAB_TolC_1,0
886,HYLY2,Escherichia_coli_AcrAB_TolC_1,0
887,HYLY3,Escherichia_coli_AcrAB_TolC_1,0
888,HYSZGW,Escherichia_coli_AcrAB_TolC_1,0
889,HYT1,Escherichia_coli_AcrAB_TolC_1,0
890,HYY1,Escherichia_coli_AcrAB_TolC_1,0
891,HYY2,Escherichia_coli_AcrAB_TolC_1,0
892,HYYLWS,Escherichia_coli_AcrAB_TolC_1,0
893,HYYLWW,Escherichia_coli_AcrAB_TolC_1,0
894,LRDYA,Escherichia_coli_AcrAB_TolC_1,0
895,LRDYYA,Escherichia_coli_AcrAB_TolC_1,0
896,LRHYA,Escherichia_coli_AcrAB_TolC_1,0
897,LRHYYA,Escherichia_coli_AcrAB_TolC_1,0
898,LRLSA,Escherichia_coli_AcrAB_TolC_1,0
899,LRLSYA,Escherichia_coli_AcrAB_TolC_1,0
900,LRQHA,Escherichia_coli_AcrAB_TolC_1,0
901,LRQHWA,Escherichia_coli_AcrAB_TolC_1,0
902,LRQHYWA,Escherichia_coli_AcrAB_TolC_1,0
903,LSBA,Escherichia_coli_AcrAB_TolC_1,0
904,LSDG1,Escherichia_coli_AcrAB_TolC_1,0
905,LSDG2,Escherichia_coli_AcrAB_TolC_1,0
906,LSDG3,Escherichia_coli_AcrAB_TolC_1,0
907,LSGG1,Escherichia_coli_AcrAB_TolC_1,1
908,LSGG2,Escherichia_coli_AcrAB_TolC_1,0
909,LSGG3,Escherichia_coli_AcrAB_TolC_1,0
910,LSGLB1,Escherichia_coli_AcrAB_TolC_1,0
911,LSGY1,Escherichia_coli_AcrAB_TolC_1,0
912,LSGY2,Escherichia_coli_AcrAB_TolC_1,0
913,LSGY3,Escherichia_coli_AcrAB_TolC_1,0
914,LSSA,Escherichia_coli_AcrAB_TolC_1,0
915,LSWA,Escherichia_coli_AcrAB_TolC_1,0
916,PCQHA,Escherichia_coli_AcrAB_TolC_1,0
917,QHBA,Escherichia_coli_AcrAB_TolC_1,0
918,QHDG1,Escherichia_coli_AcrAB_TolC_1,0
919,QHDG2,Escherichia_coli_AcrAB_TolC_1,0
920,QHDG3,Escherichia_coli_AcrAB_TolC_1,0
921,QHDT1,Escherichia_coli_AcrAB_TolC_1,0
922,QHDW1,Escherichia_coli_AcrAB_TolC_1,0
923,QHDW2,Escherichia_coli_AcrAB_TolC_1,0
924,QHDW3,Escherichia_coli_AcrAB_TolC_1,0
925,QHDYW1,Escherichia_coli_AcrAB_TolC_1,0
926,QHDYW2,Escherichia_coli_AcrAB_TolC_1,0
927,QHDYW3,Escherichia_coli_AcrAB_TolC_1,1
928,QHLW,Escherichia_coli_AcrAB_TolC_1,0
929,QHMG1,Escherichia_coli_AcrAB_TolC_1,0
930,QHMG2,Escherichia_coli_AcrAB_TolC_1,1
931,QHMW1,Escherichia_coli_AcrAB_TolC_1,0
932,QHPA,Escherichia_coli_AcrAB_TolC_1,0
933,QHPDA,Escherichia_coli_AcrAB_TolC_1,0
934,QHWS,Escherichia_coli_AcrAB_TolC_1,0
935,QHWW,Escherichia_coli_AcrAB_TolC_1,0
936,QHW,Escherichia_coli_AcrAB_TolC_1,0
937,QHYWS,Escherichia_coli_AcrAB_TolC_1,0
938,TFQHA,Escherichia_coli_AcrAB_TolC_1,0
939,DYBA,Escherichia_coli_EF_Tu,0
940,DYG1,Escherichia_coli_EF_Tu,0
941,DYG2,Escherichia_coli_EF_Tu,0
942,DYG3,Escherichia_coli_EF_Tu,0
943,DYS2A,Escherichia_coli_EF_Tu,0
944,DYT1,Escherichia_coli_EF_Tu,0
945,DYW1A,Escherichia_coli_EF_Tu,0
946,FAQHA,Escherichia_coli_EF_Tu,0
947,FAQHYA,Escherichia_coli_EF_Tu,0
948,HYBA,Escherichia_coli_EF_Tu,0
949,HYG2,Escherichia_coli_EF_Tu,0
950,HYG3,Escherichia_coli_EF_Tu,0
951,HYHNGS,Escherichia_coli_EF_Tu,0
952,HYLY1,Escherichia_coli_EF_Tu,0
953,HYLY2,Escherichia_coli_EF_Tu,0
954,HYLY3,Escherichia_coli_EF_Tu,0
955,HYSZGW,Escherichia_coli_EF_Tu,0
956,HYT1,Escherichia_coli_EF_Tu,0
957,HYY1,Escherichia_coli_EF_Tu,0
958,HYY2,Escherichia_coli_EF_Tu,0
959,HYYLWS,Escherichia_coli_EF_Tu,0
960,HYYLWW,Escherichia_coli_EF_Tu,0
961,LRDYA,Escherichia_coli_EF_Tu,0
962,LRDYYA,Escherichia_coli_EF_Tu,0
963,LRHYA,Escherichia_coli_EF_Tu,0
964,LRHYYA,Escherichia_coli_EF_Tu,0
965,LRLSA,Escherichia_coli_EF_Tu,0
966,LRLSYA,Escherichia_coli_EF_Tu,0
967,LRQHA,Escherichia_coli_EF_Tu,0
968,LRQHWA,Escherichia_coli_EF_Tu,0
969,LRQHYWA,Escherichia_coli_EF_Tu,0
970,LSBA,Escherichia_coli_EF_Tu,0
971,LSDG1,Escherichia_coli_EF_Tu,0
972,LSDG2,Escherichia_coli_EF_Tu,0
973,LSDG3,Escherichia_coli_EF_Tu,0
974,LSGG1,Escherichia_coli_EF_Tu,0
975,LSGG2,Escherichia_coli_EF_Tu,0
976,LSGG3,Escherichia_coli_EF_Tu,0
977,LSGLB1,Escherichia_coli_EF_Tu,0
978,LSGY1,Escherichia_coli_EF_Tu,0
979,LSGY2,Escherichia_coli_EF_Tu,0
980,LSGY3,Escherichia_coli_EF_Tu,0
981,LSSA,Escherichia_coli_EF_Tu,0
982,LSWA,Escherichia_coli_EF_Tu,0
983,PCQHA,Escherichia_coli_EF_Tu,0
984,QHBA,Escherichia_coli_EF_Tu,0
985,QHDG1,Escherichia_coli_EF_Tu,0
986,QHDG2,Escherichia_coli_EF_Tu,0
987,QHDG3,Escherichia_coli_EF_Tu,0
988,QHDT1,Escherichia_coli_EF_Tu,0
989,QHDW1,Escherichia_coli_EF_Tu,0
990,QHDW2,Escherichia_coli_EF_Tu,0
991,QHDW3,Escherichia_coli_EF_Tu,0
992,QHDYW1,Escherichia_coli_EF_Tu,0
993,QHDYW2,Escherichia_coli_EF_Tu,1
994,QHDYW3,Escherichia_coli_EF_Tu,0
995,QHLW,Escherichia_coli_EF_Tu,0
996,QHMG1,Escherichia_coli_EF_Tu,0
997,QHMG2,Escherichia_coli_EF_Tu,0
998,QHMW1,Escherichia_coli_EF_Tu,0
999,QHPA,Escherichia_coli_EF_Tu,0
1000,QHPDA,Escherichia_coli_EF_Tu,0
1001,QHWS,Escherichia_coli_EF_Tu,0
1002,QHWW,Escherichia_coli_EF_Tu,0
1003,QHW,Escherichia_coli_EF_Tu,0
1004,QHYWS,Escherichia_coli_EF_Tu,0
1005,TFQHA,Escherichia_coli_EF_Tu,0
1006,DYBA,Escherichia_coli_LamB,0
1007,DYG1,Escherichia_coli_LamB,0
1008,DYG2,Escherichia_coli_LamB,0
1009,DYG3,Escherichia_coli_LamB,0
1010,DYS2A,Escherichia_coli_LamB,0
1011,DYT1,Escherichia_coli_LamB,0
1012,DYW1A,Escherichia_coli_LamB,0
1013,FAQHA,Escherichia_coli_LamB,0
1014,FAQHYA,Escherichia_coli_LamB,0
1015,HYBA,Escherichia_coli_LamB,0
1016,HYG2,Escherichia_coli_LamB,0
1017,HYG3,Escherichia_coli_LamB,0
1018,HYHNGS,Escherichia_coli_LamB,0
1019,HYLY1,Escherichia_coli_LamB,0
1020,HYLY2,Escherichia_coli_LamB,0
1021,HYLY3,Escherichia_coli_LamB,0
1022,HYSZGW,Escherichia_coli_LamB,0
1023,HYT1,Escherichia_coli_LamB,0
1024,HYY1,Escherichia_coli_LamB,0
1025,HYY2,Escherichia_coli_LamB,0
1026,HYYLWS,Escherichia_coli_LamB,0
1027,HYYLWW,Escherichia_coli_LamB,0
1028,LRDYA,Escherichia_coli_LamB,0
1029,LRDYYA,Escherichia_coli_LamB,0
1030,LRHYA,Escherichia_coli_LamB,0
1031,LRHYYA,Escherichia_coli_LamB,0
1032,LRLSA,Escherichia_coli_LamB,0
1033,LRLSYA,Escherichia_coli_LamB,0
1034,LRQHA,Escherichia_coli_LamB,0
1035,LRQHWA,Escherichia_coli_LamB,0
1036,LRQHYWA,Escherichia_coli_LamB,0
1037,LSBA,Escherichia_coli_LamB,0
1038,LSDG1,Escherichia_coli_LamB,0
1039,LSDG2,Escherichia_coli_LamB,0
1040,LSDG3,Escherichia_coli_LamB,0
1041,LSGG1,Escherichia_coli_LamB,1
1042,LSGG2,Escherichia_coli_LamB,0
1043,LSGG3,Escherichia_coli_LamB,0
1044,LSGLB1,Escherichia_coli_LamB,0
1045,LSGY1,Escherichia_coli_LamB,0
1046,LSGY2,Escherichia_coli_LamB,0
1047,LSGY3,Escherichia_coli_LamB,0
1048,LSSA,Escherichia_coli_LamB,0
1049,LSWA,Escherichia_coli_LamB,0
1050,PCQHA,Escherichia_coli_LamB,0
1051,QHBA,Escherichia_coli_LamB,0
1052,QHDG1,Escherichia_coli_LamB,0
1053,QHDG2,Escherichia_coli_LamB,0
1054,QHDG3,Escherichia_coli_LamB,0
1055,QHDT1,Escherichia_coli_LamB,0
1056,QHDW1,Escherichia_coli_LamB,0
1057,QHDW2,Escherichia_coli_LamB,0
1058,QHDW3,Escherichia_coli_LamB,0
1059,QHDYW1,Escherichia_coli_LamB,0
1060,QHDYW2,Escherichia_coli_LamB,0
1061,QHDYW3,Escherichia_coli_LamB,0
1062,QHLW,Escherichia_coli_LamB,0
1063,QHMG1,Escherichia_coli_LamB,0
1064,QHMG2,Escherichia_coli_LamB,0
1065,QHMW1,Escherichia_coli_LamB,0
1066,QHPA,Escherichia_coli_LamB,0
1067,QHPDA,Escherichia_coli_LamB,0
1068,QHWS,Escherichia_coli_LamB,0
1069,QHWW,Escherichia_coli_LamB,0
1070,QHW,Escherichia_coli_LamB,0
1071,QHYWS,Escherichia_coli_LamB,0
1072,TFQHA,Escherichia_coli_LamB,0
1073,DYBA,H_NS,0
1074,DYG1,H_NS,0
1075,DYG2,H_NS,0
1076,DYG3,H_NS,0
1077,DYS2A,H_NS,0
1078,DYT1,H_NS,0
1079,DYW1A,H_NS,0
1080,FAQHA,H_NS,0
1081,FAQHYA,H_NS,0
1082,HYBA,H_NS,0
1083,HYG2,H_NS,0
1084,HYG3,H_NS,0
1085,HYHNGS,H_NS,0
1086,HYLY1,H_NS,0
1087,HYLY2,H_NS,0
1088,HYLY3,H_NS,0
1089,HYSZGW,H_NS,0
1090,HYT1,H_NS,0
1091,HYY1,H_NS,0
1092,HYY2,H_NS,0
1093,HYYLWS,H_NS,0
1094,HYYLWW,H_NS,0
1095,LRDYA,H_NS,1
1096,LRDYYA,H_NS,0
1097,LRHYA,H_NS,0
1098,LRHYYA,H_NS,0
1099,LRLSA,H_NS,0
1100,LRLSYA,H_NS,0
1101,LRQHA,H_NS,0
1102,LRQHWA,H_NS,0
1103,LRQHYWA,H_NS,0
1104,LSBA,H_NS,0
1105,LSDG1,H_NS,0
1106,LSDG2,H_NS,0
1107,LSDG3,H_NS,0
1108,LSGG1,H_NS,0
1109,LSGG2,H_NS,0
1110,LSGG3,H_NS,0
1111,LSGLB1,H_NS,0
1112,LSGY1,H_NS,0
1113,LSGY2,H_NS,0
1114,LSGY3,H_NS,0
1115,LSSA,H_NS,0
1116,LSWA,H_NS,0
1117,PCQHA,H_NS,0
1118,QHBA,H_NS,0
1119,QHDG1,H_NS,0
1120,QHDG2,H_NS,0
1121,QHDG3,H_NS,0
1122,QHDT1,H_NS,0
1123,QHDW1,H_NS,0
1124,QHDW2,H_NS,0
1125,QHDW3,H_NS,0
1126,QHDYW1,H_NS,0
1127,QHDYW2,H_NS,0
1128,QHDYW3,H_NS,0
1129,QHLW,H_NS,0
1130,QHMG1,H_NS,0
1131,QHMG2,H_NS,0
1132,QHMW1,H_NS,0
1133,QHPA,H_NS,0
1134,QHPDA,H_NS,0
1135,QHWS,H_NS,0
1136,QHWW,H_NS,0
1137,QHW,H_NS,0
1138,QHYWS,H_NS,0
1139,TFQHA,H_NS,0
1140,DYBA,Klebsiella_pneumoniae_KpnH.,0
1141,DYG1,Klebsiella_pneumoniae_KpnH.,0
1142,DYG2,Klebsiella_pneumoniae_KpnH.,0
1143,DYG3,Klebsiella_pneumoniae_KpnH.,0
1144,DYS2A,Klebsiella_pneumoniae_KpnH.,0
1145,DYT1,Klebsiella_pneumoniae_KpnH.,0
1146,DYW1A,Klebsiella_pneumoniae_KpnH.,0
1147,FAQHA,Klebsiella_pneumoniae_KpnH.,0
1148,FAQHYA,Klebsiella_pneumoniae_KpnH.,0
1149,HYBA,Klebsiella_pneumoniae_KpnH.,0
1150,HYG2,Klebsiella_pneumoniae_KpnH.,0
1151,HYG3,Klebsiella_pneumoniae_KpnH.,0
1152,HYHNGS,Klebsiella_pneumoniae_KpnH.,0
1153,HYLY1,Klebsiella_pneumoniae_KpnH.,0
1154,HYLY2,Klebsiella_pneumoniae_KpnH.,0
1155,HYLY3,Klebsiella_pneumoniae_KpnH.,0
1156,HYSZGW,Klebsiella_pneumoniae_KpnH.,0
1157,HYT1,Klebsiella_pneumoniae_KpnH.,0
1158,HYY1,Klebsiella_pneumoniae_KpnH.,0
1159,HYY2,Klebsiella_pneumoniae_KpnH.,0
1160,HYYLWS,Klebsiella_pneumoniae_KpnH.,0
1161,HYYLWW,Klebsiella_pneumoniae_KpnH.,0
1162,LRDYA,Klebsiella_pneumoniae_KpnH.,0
1163,LRDYYA,Klebsiella_pneumoniae_KpnH.,0
1164,LRHYA,Klebsiella_pneumoniae_KpnH.,0
1165,LRHYYA,Klebsiella_pneumoniae_KpnH.,0
1166,LRLSA,Klebsiella_pneumoniae_KpnH.,0
1167,LRLSYA,Klebsiella_pneumoniae_KpnH.,0
1168,LRQHA,Klebsiella_pneumoniae_KpnH.,0
1169,LRQHWA,Klebsiella_pneumoniae_KpnH.,0
1170,LRQHYWA,Klebsiella_pneumoniae_KpnH.,0
1171,LSBA,Klebsiella_pneumoniae_KpnH.,0
1172,LSDG1,Klebsiella_pneumoniae_KpnH.,0
1173,LSDG2,Klebsiella_pneumoniae_KpnH.,0
1174,LSDG3,Klebsiella_pneumoniae_KpnH.,0
1175,LSGG1,Klebsiella_pneumoniae_KpnH.,0
1176,LSGG2,Klebsiella_pneumoniae_KpnH.,0
1177,LSGG3,Klebsiella_pneumoniae_KpnH.,0
1178,LSGLB1,Klebsiella_pneumoniae_KpnH.,0
1179,LSGY1,Klebsiella_pneumoniae_KpnH.,0
1180,LSGY2,Klebsiella_pneumoniae_KpnH.,0
1181,LSGY3,Klebsiella_pneumoniae_KpnH.,0
1182,LSSA,Klebsiella_pneumoniae_KpnH.,0
1183,LSWA,Klebsiella_pneumoniae_KpnH.,0
1184,PCQHA,Klebsiella_pneumoniae_KpnH.,0
1185,QHBA,Klebsiella_pneumoniae_KpnH.,0
1186,QHDG1,Klebsiella_pneumoniae_KpnH.,0
1187,QHDG2,Klebsiella_pneumoniae_KpnH.,0
1188,QHDG3,Klebsiella_pneumoniae_KpnH.,0
1189,QHDT1,Klebsiella_pneumoniae_KpnH.,0
1190,QHDW1,Klebsiella_pneumoniae_KpnH.,0
1191,QHDW2,Klebsiella_pneumoniae_KpnH.,0
1192,QHDW3,Klebsiella_pneumoniae_KpnH.,0
1193,QHDYW1,Klebsiella_pneumoniae_KpnH.,0
1194,QHDYW2,Klebsiella_pneumoniae_KpnH.,0
1195,QHDYW3,Klebsiella_pneumoniae_KpnH.,0
1196,QHLW,Klebsiella_pneumoniae_KpnH.,0
1197,QHMG1,Klebsiella_pneumoniae_KpnH.,0
1198,QHMG2,Klebsiella_pneumoniae_KpnH.,1
1199,QHMW1,Klebsiella_pneumoniae_KpnH.,0
1200,QHPA,Klebsiella_pneumoniae_KpnH.,0
1201,QHPDA,Klebsiella_pneumoniae_KpnH.,0
1202,QHWS,Klebsiella_pneumoniae_KpnH.,0
1203,QHWW,Klebsiella_pneumoniae_KpnH.,0
1204,QHW,Klebsiella_pneumoniae_KpnH.,0
1205,QHYWS,Klebsiella_pneumoniae_KpnH.,0
1206,TFQHA,Klebsiella_pneumoniae_KpnH.,0
1207,DYBA,Plasmid_encoded_cat__pp_cat_.,0
1208,DYG1,Plasmid_encoded_cat__pp_cat_.,0
1209,DYG2,Plasmid_encoded_cat__pp_cat_.,0
1210,DYG3,Plasmid_encoded_cat__pp_cat_.,0
1211,DYS2A,Plasmid_encoded_cat__pp_cat_.,0
1212,DYT1,Plasmid_encoded_cat__pp_cat_.,0
1213,DYW1A,Plasmid_encoded_cat__pp_cat_.,0
1214,FAQHA,Plasmid_encoded_cat__pp_cat_.,0
1215,FAQHYA,Plasmid_encoded_cat__pp_cat_.,0
1216,HYBA,Plasmid_encoded_cat__pp_cat_.,0
1217,HYG2,Plasmid_encoded_cat__pp_cat_.,0
1218,HYG3,Plasmid_encoded_cat__pp_cat_.,0
1219,HYHNGS,Plasmid_encoded_cat__pp_cat_.,0
1220,HYLY1,Plasmid_encoded_cat__pp_cat_.,0
1221,HYLY2,Plasmid_encoded_cat__pp_cat_.,0
1222,HYLY3,Plasmid_encoded_cat__pp_cat_.,0
1223,HYSZGW,Plasmid_encoded_cat__pp_cat_.,0
1224,HYT1,Plasmid_encoded_cat__pp_cat_.,0
1225,HYY1,Plasmid_encoded_cat__pp_cat_.,0
1226,HYY2,Plasmid_encoded_cat__pp_cat_.,0
1227,HYYLWS,Plasmid_encoded_cat__pp_cat_.,0
1228,HYYLWW,Plasmid_encoded_cat__pp_cat_.,0
1229,LRDYA,Plasmid_encoded_cat__pp_cat_.,0
1230,LRDYYA,Plasmid_encoded_cat__pp_cat_.,0
1231,LRHYA,Plasmid_encoded_cat__pp_cat_.,0
1232,LRHYYA,Plasmid_encoded_cat__pp_cat_.,0
1233,LRLSA,Plasmid_encoded_cat__pp_cat_.,0
1234,LRLSYA,Plasmid_encoded_cat__pp_cat_.,0
1235,LRQHA,Plasmid_encoded_cat__pp_cat_.,0
1236,LRQHWA,Plasmid_encoded_cat__pp_cat_.,0
1237,LRQHYWA,Plasmid_encoded_cat__pp_cat_.,0
1238,LSBA,Plasmid_encoded_cat__pp_cat_.,1
1239,LSDG1,Plasmid_encoded_cat__pp_cat_.,0
1240,LSDG2,Plasmid_encoded_cat__pp_cat_.,0
1241,LSDG3,Plasmid_encoded_cat__pp_cat_.,0
1242,LSGG1,Plasmid_encoded_cat__pp_cat_.,0
1243,LSGG2,Plasmid_encoded_cat__pp_cat_.,0
1244,LSGG3,Plasmid_encoded_cat__pp_cat_.,0
1245,LSGLB1,Plasmid_encoded_cat__pp_cat_.,0
1246,LSGY1,Plasmid_encoded_cat__pp_cat_.,0
1247,LSGY2,Plasmid_encoded_cat__pp_cat_.,0
1248,LSGY3,Plasmid_encoded_cat__pp_cat_.,0
1249,LSSA,Plasmid_encoded_cat__pp_cat_.,0
1250,LSWA,Plasmid_encoded_cat__pp_cat_.,0
1251,PCQHA,Plasmid_encoded_cat__pp_cat_.,0
1252,QHBA,Plasmid_encoded_cat__pp_cat_.,0
1253,QHDG1,Plasmid_encoded_cat__pp_cat_.,0
1254,QHDG2,Plasmid_encoded_cat__pp_cat_.,0
1255,QHDG3,Plasmid_encoded_cat__pp_cat_.,0
1256,QHDT1,Plasmid_encoded_cat__pp_cat_.,0
1257,QHDW1,Plasmid_encoded_cat__pp_cat_.,0
1258,QHDW2,Plasmid_encoded_cat__pp_cat_.,0
1259,QHDW3,Plasmid_encoded_cat__pp_cat_.,0
1260,QHDYW1,Plasmid_encoded_cat__pp_cat_.,0
1261,QHDYW2,Plasmid_encoded_cat__pp_cat_.,0
1262,QHDYW3,Plasmid_encoded_cat__pp_cat_.,0
1263,QHLW,Plasmid_encoded_cat__pp_cat_.,0
1264,QHMG1,Plasmid_encoded_cat__pp_cat_.,0
1265,QHMG2,Plasmid_encoded_cat__pp_cat_.,0
1266,QHMW1,Plasmid_encoded_cat__pp_cat_.,1
1267,QHPA,Plasmid_encoded_cat__pp_cat_.,0
1268,QHPDA,Plasmid_encoded_cat__pp_cat_.,0
1269,QHWS,Plasmid_encoded_cat__pp_cat_.,0
1270,QHWW,Plasmid_encoded_cat__pp_cat_.,0
1271,QHW,Plasmid_encoded_cat__pp_cat_.,1
1272,QHYWS,Plasmid_encoded_cat__pp_cat_.,1
1273,TFQHA,Plasmid_encoded_cat__pp_cat_.,0
1274,DYBA,PmrF,0
1275,DYG1,PmrF,0
1276,DYG2,PmrF,0
1277,DYG3,PmrF,0
1278,DYS2A,PmrF,0
1279,DYT1,PmrF,0
1280,DYW1A,PmrF,0
1281,FAQHA,PmrF,0
1282,FAQHYA,PmrF,0
1283,HYBA,PmrF,0
1284,HYG2,PmrF,0
1285,HYG3,PmrF,0
1286,HYHNGS,PmrF,0
1287,HYLY1,PmrF,0
1288,HYLY2,PmrF,0
1289,HYLY3,PmrF,0
1290,HYSZGW,PmrF,0
1291,HYT1,PmrF,0
1292,HYY1,PmrF,0
1293,HYY2,PmrF,0
1294,HYYLWS,PmrF,0
1295,HYYLWW,PmrF,0
1296,LRDYA,PmrF,0
1297,LRDYYA,PmrF,0
1298,LRHYA,PmrF,0
1299,LRHYYA,PmrF,0
1300,LRLSA,PmrF,0
1301,LRLSYA,PmrF,0
1302,LRQHA,PmrF,0
1303,LRQHWA,PmrF,0
1304,LRQHYWA,PmrF,0
1305,LSBA,PmrF,0
1306,LSDG1,PmrF,0
1307,LSDG2,PmrF,0
1308,LSDG3,PmrF,0
1309,LSGG1,PmrF,0
1310,LSGG2,PmrF,0
1311,LSGG3,PmrF,0
1312,LSGLB1,PmrF,0
1313,LSGY1,PmrF,0
1314,LSGY2,PmrF,0
1315,LSGY3,PmrF,0
1316,LSSA,PmrF,0
1317,LSWA,PmrF,0
1318,PCQHA,PmrF,0
1319,QHBA,PmrF,0
1320,QHDG1,PmrF,0
1321,QHDG2,PmrF,0
1322,QHDG3,PmrF,0
1323,QHDT1,PmrF,0
1324,QHDW1,PmrF,0
1325,QHDW2,PmrF,0
1326,QHDW3,PmrF,0
1327,QHDYW1,PmrF,0
1328,QHDYW2,PmrF,0
1329,QHDYW3,PmrF,0
1330,QHLW,PmrF,0
1331,QHMG1,PmrF,0
1332,QHMG2,PmrF,1
1333,QHMW1,PmrF,1
1334,QHPA,PmrF,0
1335,QHPDA,PmrF,0
1336,QHWS,PmrF,0
1337,QHWW,PmrF,0
1338,QHW,PmrF,0
1339,QHYWS,PmrF,0
1340,TFQHA,PmrF,0
1341,DYBA,QnrD.,0
1342,DYG1,QnrD.,0
1343,DYG2,QnrD.,0
1344,DYG3,QnrD.,0
1345,DYS2A,QnrD.,0
1346,DYT1,QnrD.,0
1347,DYW1A,QnrD.,0
1348,FAQHA,QnrD.,0
1349,FAQHYA,QnrD.,0
1350,HYBA,QnrD.,0
1351,HYG2,QnrD.,0
1352,HYG3,QnrD.,0
1353,HYHNGS,QnrD.,0
1354,HYLY1,QnrD.,0
1355,HYLY2,QnrD.,0
1356,HYLY3,QnrD.,0
1357,HYSZGW,QnrD.,0
1358,HYT1,QnrD.,0
1359,HYY1,QnrD.,0
1360,HYY2,QnrD.,0
1361,HYYLWS,QnrD.,0
1362,HYYLWW,QnrD.,0
1363,LRDYA,QnrD.,0
1364,LRDYYA,QnrD.,0
1365,LRHYA,QnrD.,0
1366,LRHYYA,QnrD.,0
1367,LRLSA,QnrD.,0
1368,LRLSYA,QnrD.,0
1369,LRQHA,QnrD.,0
1370,LRQHWA,QnrD.,0
1371,LRQHYWA,QnrD.,0
1372,LSBA,QnrD.,0
1373,LSDG1,QnrD.,0
1374,LSDG2,QnrD.,0
1375,LSDG3,QnrD.,0
1376,LSGG1,QnrD.,0
1377,LSGG2,QnrD.,0
1378,LSGG3,QnrD.,0
1379,LSGLB1,QnrD.,0
1380,LSGY1,QnrD.,0
1381,LSGY2,QnrD.,0
1382,LSGY3,QnrD.,0
1383,LSSA,QnrD.,0
1384,LSWA,QnrD.,0
1385,PCQHA,QnrD.,0
1386,QHBA,QnrD.,0
1387,QHDG1,QnrD.,0
1388,QHDG2,QnrD.,0
1389,QHDG3,QnrD.,0
1390,QHDT1,QnrD.,0
1391,QHDW1,QnrD.,0
1392,QHDW2,QnrD.,0
1393,QHDW3,QnrD.,0
1394,QHDYW1,QnrD.,0
1395,QHDYW2,QnrD.,0
1396,QHDYW3,QnrD.,0
1397,QHLW,QnrD.,0
1398,QHMG1,QnrD.,0
1399,QHMG2,QnrD.,0
1400,QHMW1,QnrD.,1
1401,QHPA,QnrD.,0
1402,QHPDA,QnrD.,0
1403,QHWS,QnrD.,0
1404,QHWW,QnrD.,0
1405,QHW,QnrD.,0
1406,QHYWS,QnrD.,0
1407,TFQHA,QnrD.,0
1408,DYBA,QnrS._1,0
1409,DYG1,QnrS._1,0
1410,DYG2,QnrS._1,0
1411,DYG3,QnrS._1,0
1412,DYS2A,QnrS._1,0
1413,DYT1,QnrS._1,0
1414,DYW1A,QnrS._1,0
1415,FAQHA,QnrS._1,0
1416,FAQHYA,QnrS._1,0
1417,HYBA,QnrS._1,0
1418,HYG2,QnrS._1,0
1419,HYG3,QnrS._1,0
1420,HYHNGS,QnrS._1,0
1421,HYLY1,QnrS._1,0
1422,HYLY2,QnrS._1,0
1423,HYLY3,QnrS._1,0
1424,HYSZGW,QnrS._1,0
1425,HYT1,QnrS._1,0
1426,HYY1,QnrS._1,0
1427,HYY2,QnrS._1,0
1428,HYYLWS,QnrS._1,0
1429,HYYLWW,QnrS._1,0
1430,LRDYA,QnrS._1,0
1431,LRDYYA,QnrS._1,0
1432,LRHYA,QnrS._1,0
1433,LRHYYA,QnrS._1,0
1434,LRLSA,QnrS._1,0
1435,LRLSYA,QnrS._1,0
1436,LRQHA,QnrS._1,0
1437,LRQHWA,QnrS._1,0
1438,LRQHYWA,QnrS._1,0
1439,LSBA,QnrS._1,0
1440,LSDG1,QnrS._1,0
1441,LSDG2,QnrS._1,0
1442,LSDG3,QnrS._1,0
1443,LSGG1,QnrS._1,0
1444,LSGG2,QnrS._1,0
1445,LSGG3,QnrS._1,0
1446,LSGLB1,QnrS._1,0
1447,LSGY1,QnrS._1,0
1448,LSGY2,QnrS._1,0
1449,LSGY3,QnrS._1,0
1450,LSSA,QnrS._1,0
1451,LSWA,QnrS._1,0
1452,PCQHA,QnrS._1,0
1453,QHBA,QnrS._1,0
1454,QHDG1,QnrS._1,0
1455,QHDG2,QnrS._1,0
1456,QHDG3,QnrS._1,0
1457,QHDT1,QnrS._1,0
1458,QHDW1,QnrS._1,0
1459,QHDW2,QnrS._1,0
1460,QHDW3,QnrS._1,0
1461,QHDYW1,QnrS._1,0
1462,QHDYW2,QnrS._1,0
1463,QHDYW3,QnrS._1,1
1464,QHLW,QnrS._1,0
1465,QHMG1,QnrS._1,0
1466,QHMG2,QnrS._1,0
1467,QHMW1,QnrS._1,0
1468,QHPA,QnrS._1,0
1469,QHPDA,QnrS._1,0
1470,QHWS,QnrS._1,0
1471,QHWW,QnrS._1,0
1472,QHW,QnrS._1,0
1473,QHYWS,QnrS._1,0
1474,TFQHA,QnrS._1,0
1475,DYBA,SAT_4,0
1476,DYG1,SAT_4,0
1477,DYG2,SAT_4,0
1478,DYG3,SAT_4,0
1479,DYS2A,SAT_4,0
1480,DYT1,SAT_4,0
1481,DYW1A,SAT_4,0
1482,FAQHA,SAT_4,0
1483,FAQHYA,SAT_4,0
1484,HYBA,SAT_4,0
1485,HYG2,SAT_4,0
1486,HYG3,SAT_4,0
1487,HYHNGS,SAT_4,0
1488,HYLY1,SAT_4,0
1489,HYLY2,SAT_4,0
1490,HYLY3,SAT_4,0
1491,HYSZGW,SAT_4,0
1492,HYT1,SAT_4,0
1493,HYY1,SAT_4,0
1494,HYY2,SAT_4,0
1495,HYYLWS,SAT_4,0
1496,HYYLWW,SAT_4,0
1497,LRDYA,SAT_4,0
1498,LRDYYA,SAT_4,0
1499,LRHYA,SAT_4,0
1500,LRHYYA,SAT_4,0
1501,LRLSA,SAT_4,0
1502,LRLSYA,SAT_4,0
1503,LRQHA,SAT_4,0
1504,LRQHWA,SAT_4,0
1505,LRQHYWA,SAT_4,0
1506,LSBA,SAT_4,0
1507,LSDG1,SAT_4,0
1508,LSDG2,SAT_4,0
1509,LSDG3,SAT_4,0
1510,LSGG1,SAT_4,0
1511,LSGG2,SAT_4,0
1512,LSGG3,SAT_4,0
1513,LSGLB1,SAT_4,0
1514,LSGY1,SAT_4,0
1515,LSGY2,SAT_4,0
1516,LSGY3,SAT_4,0
1517,LSSA,SAT_4,0
1518,LSWA,SAT_4,0
1519,PCQHA,SAT_4,0
1520,QHBA,SAT_4,0
1521,QHDG1,SAT_4,0
1522,QHDG2,SAT_4,0
1523,QHDG3,SAT_4,0
1524,QHDT1,SAT_4,0
1525,QHDW1,SAT_4,0
1526,QHDW2,SAT_4,0
1527,QHDW3,SAT_4,0
1528,QHDYW1,SAT_4,0
1529,QHDYW2,SAT_4,0
1530,QHDYW3,SAT_4,1
1531,QHLW,SAT_4,0
1532,QHMG1,SAT_4,1
1533,QHMG2,SAT_4,0
1534,QHMW1,SAT_4,0
1535,QHPA,SAT_4,0
1536,QHPDA,SAT_4,0
1537,QHWS,SAT_4,0
1538,QHWW,SAT_4,0
1539,QHW,SAT_4,0
1540,QHYWS,SAT_4,0
1541,TFQHA,SAT_4,0
1542,DYBA,TEM_.,1
1543,DYG1,TEM_.,0
1544,DYG2,TEM_.,0
1545,DYG3,TEM_.,0
1546,DYS2A,TEM_.,0
1547,DYT1,TEM_.,0
1548,DYW1A,TEM_.,0
1549,FAQHA,TEM_.,0
1550,FAQHYA,TEM_.,0
1551,HYBA,TEM_.,0
1552,HYG2,TEM_.,0
1553,HYG3,TEM_.,0
1554,HYHNGS,TEM_.,0
1555,HYLY1,TEM_.,0
1556,HYLY2,TEM_.,0
1557,HYLY3,TEM_.,0
1558,HYSZGW,TEM_.,0
1559,HYT1,TEM_.,0
1560,HYY1,TEM_.,0
1561,HYY2,TEM_.,0
1562,HYYLWS,TEM_.,0
1563,HYYLWW,TEM_.,0
1564,LRDYA,TEM_.,0
1565,LRDYYA,TEM_.,0
1566,LRHYA,TEM_.,0
1567,LRHYYA,TEM_.,0
1568,LRLSA,TEM_.,0
1569,LRLSYA,TEM_.,0
1570,LRQHA,TEM_.,1
1571,LRQHWA,TEM_.,0
1572,LRQHYWA,TEM_.,0
1573,LSBA,TEM_.,1
1574,LSDG1,TEM_.,0
1575,LSDG2,TEM_.,0
1576,LSDG3,TEM_.,0
1577,LSGG1,TEM_.,0
1578,LSGG2,TEM_.,0
1579,LSGG3,TEM_.,0
1580,LSGLB1,TEM_.,0
1581,LSGY1,TEM_.,0
1582,LSGY2,TEM_.,0
1583,LSGY3,TEM_.,0
1584,LSSA,TEM_.,0
1585,LSWA,TEM_.,0
1586,PCQHA,TEM_.,0
1587,QHBA,TEM_.,0
1588,QHDG1,TEM_.,0
1589,QHDG2,TEM_.,0
1590,QHDG3,TEM_.,0
1591,QHDT1,TEM_.,0
1592,QHDW1,TEM_.,0
1593,QHDW2,TEM_.,0
1594,QHDW3,TEM_.,0
1595,QHDYW1,TEM_.,0
1596,QHDYW2,TEM_.,0
1597,QHDYW3,TEM_.,0
1598,QHLW,TEM_.,0
1599,QHMG1,TEM_.,0
1600,QHMG2,TEM_.,0
1601,QHMW1,TEM_.,0
1602,QHPA,TEM_.,0
1603,QHPDA,TEM_.,0
1604,QHWS,TEM_.,0
1605,QHWW,TEM_.,0
1606,QHW,TEM_.,0
1607,QHYWS,TEM_.,0
1608,TFQHA,TEM_.,0
1609,DYBA,TolC,0
1610,DYG1,TolC,0
1611,DYG2,TolC,0
1612,DYG3,TolC,0
1613,DYS2A,TolC,0
1614,DYT1,TolC,0
1615,DYW1A,TolC,0
1616,FAQHA,TolC,0
1617,FAQHYA,TolC,0
1618,HYBA,TolC,0
1619,HYG2,TolC,0
1620,HYG3,TolC,0
1621,HYHNGS,TolC,0
1622,HYLY1,TolC,0
1623,HYLY2,TolC,0
1624,HYLY3,TolC,0
1625,HYSZGW,TolC,0
1626,HYT1,TolC,0
1627,HYY1,TolC,0
1628,HYY2,TolC,0
1629,HYYLWS,TolC,0
1630,HYYLWW,TolC,0
1631,LRDYA,TolC,0
1632,LRDYYA,TolC,0
1633,LRHYA,TolC,0
1634,LRHYYA,TolC,0
1635,LRLSA,TolC,0
1636,LRLSYA,TolC,0
1637,LRQHA,TolC,0
1638,LRQHWA,TolC,0
1639,LRQHYWA,TolC,0
1640,LSBA,TolC,0
1641,LSDG1,TolC,0
1642,LSDG2,TolC,0
1643,LSDG3,TolC,0
1644,LSGG1,TolC,0
1645,LSGG2,TolC,0
1646,LSGG3,TolC,0
1647,LSGLB1,TolC,0
1648,LSGY1,TolC,0
1649,LSGY2,TolC,0
1650,LSGY3,TolC,0
1651,LSSA,TolC,0
1652,LSWA,TolC,0
1653,PCQHA,TolC,0
1654,QHBA,TolC,0
1655,QHDG1,TolC,0
1656,QHDG2,TolC,0
1657,QHDG3,TolC,0
1658,QHDT1,TolC,0
1659,QHDW1,TolC,0
1660,QHDW2,TolC,0
1661,QHDW3,TolC,0
1662,QHDYW1,TolC,0
1663,QHDYW2,TolC,0
1664,QHDYW3,TolC,0
1665,QHLW,TolC,0
1666,QHMG1,TolC,0
1667,QHMG2,TolC,1
1668,QHMW1,TolC,1
1669,QHPA,TolC,0
1670,QHPDA,TolC,0
1671,QHWS,TolC,0
1672,QHWW,TolC,0
1673,QHW,TolC,0
1674,QHYWS,TolC,0
1675,TFQHA,TolC,0
1676,DYBA,aadA16,0
1677,DYG1,aadA16,0
1678,DYG2,aadA16,0
1679,DYG3,aadA16,0
1680,DYS2A,aadA16,0
1681,DYT1,aadA16,0
1682,DYW1A,aadA16,0
1683,FAQHA,aadA16,0
1684,FAQHYA,aadA16,0
1685,HYBA,aadA16,0
1686,HYG2,aadA16,0
1687,HYG3,aadA16,0
1688,HYHNGS,aadA16,0
1689,HYLY1,aadA16,0
1690,HYLY2,aadA16,0
1691,HYLY3,aadA16,0
1692,HYSZGW,aadA16,0
1693,HYT1,aadA16,0
1694,HYY1,aadA16,0
1695,HYY2,aadA16,0
1696,HYYLWS,aadA16,0
1697,HYYLWW,aadA16,0
1698,LRDYA,aadA16,0
1699,LRDYYA,aadA16,0
1700,LRHYA,aadA16,0
1701,LRHYYA,aadA16,0
1702,LRLSA,aadA16,0
1703,LRLSYA,aadA16,0
1704,LRQHA,aadA16,0
1705,LRQHWA,aadA16,0
1706,LRQHYWA,aadA16,0
1707,LSBA,aadA16,0
1708,LSDG1,aadA16,0
1709,LSDG2,aadA16,0
1710,LSDG3,aadA16,0
1711,LSGG1,aadA16,0
1712,LSGG2,aadA16,0
1713,LSGG3,aadA16,0
1714,LSGLB1,aadA16,0
1715,LSGY1,aadA16,0
1716,LSGY2,aadA16,0
1717,LSGY3,aadA16,0
1718,LSSA,aadA16,0
1719,LSWA,aadA16,0
1720,PCQHA,aadA16,0
1721,QHBA,aadA16,0
1722,QHDG1,aadA16,0
1723,QHDG2,aadA16,0
1724,QHDG3,aadA16,0
1725,QHDT1,aadA16,0
1726,QHDW1,aadA16,0
1727,QHDW2,aadA16,0
1728,QHDW3,aadA16,0
1729,QHDYW1,aadA16,0
1730,QHDYW2,aadA16,0
1731,QHDYW3,aadA16,0
1732,QHLW,aadA16,0
1733,QHMG1,aadA16,0
1734,QHMG2,aadA16,0
1735,QHMW1,aadA16,1
1736,QHPA,aadA16,0
1737,QHPDA,aadA16,0
1738,QHWS,aadA16,0
1739,QHWW,aadA16,0
1740,QHW,aadA16,0
1741,QHYWS,aadA16,0
1742,TFQHA,aadA16,0
1743,DYBA,aadA2,0
1744,DYG1,aadA2,0
1745,DYG2,aadA2,0
1746,DYG3,aadA2,0
1747,DYS2A,aadA2,0
1748,DYT1,aadA2,0
1749,DYW1A,aadA2,0
1750,FAQHA,aadA2,0
1751,FAQHYA,aadA2,0
1752,HYBA,aadA2,0
1753,HYG2,aadA2,0
1754,HYG3,aadA2,0
1755,HYHNGS,aadA2,0
1756,HYLY1,aadA2,0
1757,HYLY2,aadA2,0
1758,HYLY3,aadA2,0
1759,HYSZGW,aadA2,0
1760,HYT1,aadA2,0
1761,HYY1,aadA2,0
1762,HYY2,aadA2,0
1763,HYYLWS,aadA2,0
1764,HYYLWW,aadA2,0
1765,LRDYA,aadA2,0
1766,LRDYYA,aadA2,0
1767,LRHYA,aadA2,0
1768,LRHYYA,aadA2,0
1769,LRLSA,aadA2,0
1770,LRLSYA,aadA2,0
1771,LRQHA,aadA2,0
1772,LRQHWA,aadA2,0
1773,LRQHYWA,aadA2,0
1774,LSBA,aadA2,0
1775,LSDG1,aadA2,0
1776,LSDG2,aadA2,0
1777,LSDG3,aadA2,0
1778,LSGG1,aadA2,0
1779,LSGG2,aadA2,0
1780,LSGG3,aadA2,0
1781,LSGLB1,aadA2,0
1782,LSGY1,aadA2,0
1783,LSGY2,aadA2,0
1784,LSGY3,aadA2,0
1785,LSSA,aadA2,0
1786,LSWA,aadA2,0
1787,PCQHA,aadA2,0
1788,QHBA,aadA2,0
1789,QHDG1,aadA2,0
1790,QHDG2,aadA2,0
1791,QHDG3,aadA2,0
1792,QHDT1,aadA2,0
1793,QHDW1,aadA2,0
1794,QHDW2,aadA2,0
1795,QHDW3,aadA2,0
1796,QHDYW1,aadA2,0
1797,QHDYW2,aadA2,0
1798,QHDYW3,aadA2,0
1799,QHLW,aadA2,0
1800,QHMG1,aadA2,0
1801,QHMG2,aadA2,0
1802,QHMW1,aadA2,1
1803,QHPA,aadA2,0
1804,QHPDA,aadA2,0
1805,QHWS,aadA2,0
1806,QHWW,aadA2,0
1807,QHW,aadA2,0
1808,QHYWS,aadA2,0
1809,TFQHA,aadA2,0
1810,DYBA,acrA_2,0
1811,DYG1,acrA_2,0
1812,DYG2,acrA_2,0
1813,DYG3,acrA_2,0
1814,DYS2A,acrA_2,0
1815,DYT1,acrA_2,0
1816,DYW1A,acrA_2,0
1817,FAQHA,acrA_2,0
1818,FAQHYA,acrA_2,0
1819,HYBA,acrA_2,0
1820,HYG2,acrA_2,0
1821,HYG3,acrA_2,0
1822,HYHNGS,acrA_2,0
1823,HYLY1,acrA_2,0
1824,HYLY2,acrA_2,0
1825,HYLY3,acrA_2,0
1826,HYSZGW,acrA_2,0
1827,HYT1,acrA_2,0
1828,HYY1,acrA_2,0
1829,HYY2,acrA_2,0
1830,HYYLWS,acrA_2,0
1831,HYYLWW,acrA_2,0
1832,LRDYA,acrA_2,0
1833,LRDYYA,acrA_2,0
1834,LRHYA,acrA_2,0
1835,LRHYYA,acrA_2,0
1836,LRLSA,acrA_2,0
1837,LRLSYA,acrA_2,0
1838,LRQHA,acrA_2,0
1839,LRQHWA,acrA_2,0
1840,LRQHYWA,acrA_2,1
1841,LSBA,acrA_2,0
1842,LSDG1,acrA_2,0
1843,LSDG2,acrA_2,0
1844,LSDG3,acrA_2,0
1845,LSGG1,acrA_2,1
1846,LSGG2,acrA_2,0
1847,LSGG3,acrA_2,0
1848,LSGLB1,acrA_2,0
1849,LSGY1,acrA_2,0
1850,LSGY2,acrA_2,0
1851,LSGY3,acrA_2,0
1852,LSSA,acrA_2,0
1853,LSWA,acrA_2,0
1854,PCQHA,acrA_2,0
1855,QHBA,acrA_2,0
1856,QHDG1,acrA_2,0
1857,QHDG2,acrA_2,0
1858,QHDG3,acrA_2,0
1859,QHDT1,acrA_2,0
1860,QHDW1,acrA_2,0
1861,QHDW2,acrA_2,0
1862,QHDW3,acrA_2,0
1863,QHDYW1,acrA_2,0
1864,QHDYW2,acrA_2,0
1865,QHDYW3,acrA_2,1
1866,QHLW,acrA_2,0
1867,QHMG1,acrA_2,0
1868,QHMG2,acrA_2,0
1869,QHMW1,acrA_2,1
1870,QHPA,acrA_2,0
1871,QHPDA,acrA_2,0
1872,QHWS,acrA_2,0
1873,QHWW,acrA_2,0
1874,QHW,acrA_2,0
1875,QHYWS,acrA_2,0
1876,TFQHA,acrA_2,0
1877,DYBA,apmA,0
1878,DYG1,apmA,0
1879,DYG2,apmA,0
1880,DYG3,apmA,0
1881,DYS2A,apmA,0
1882,DYT1,apmA,0
1883,DYW1A,apmA,0
1884,FAQHA,apmA,0
1885,FAQHYA,apmA,0
1886,HYBA,apmA,0
1887,HYG2,apmA,0
1888,HYG3,apmA,0
1889,HYHNGS,apmA,0
1890,HYLY1,apmA,0
1891,HYLY2,apmA,0
1892,HYLY3,apmA,0
1893,HYSZGW,apmA,0
1894,HYT1,apmA,0
1895,HYY1,apmA,0
1896,HYY2,apmA,0
1897,HYYLWS,apmA,0
1898,HYYLWW,apmA,0
1899,LRDYA,apmA,0
1900,LRDYYA,apmA,0
1901,LRHYA,apmA,0
1902,LRHYYA,apmA,0
1903,LRLSA,apmA,0
1904,LRLSYA,apmA,0
1905,LRQHA,apmA,0
1906,LRQHWA,apmA,0
1907,LRQHYWA,apmA,0
1908,LSBA,apmA,0
1909,LSDG1,apmA,0
1910,LSDG2,apmA,0
1911,LSDG3,apmA,0
1912,LSGG1,apmA,0
1913,LSGG2,apmA,0
1914,LSGG3,apmA,0
1915,LSGLB1,apmA,0
1916,LSGY1,apmA,0
1917,LSGY2,apmA,0
1918,LSGY3,apmA,0
1919,LSSA,apmA,0
1920,LSWA,apmA,0
1921,PCQHA,apmA,0
1922,QHBA,apmA,0
1923,QHDG1,apmA,0
1924,QHDG2,apmA,0
1925,QHDG3,apmA,0
1926,QHDT1,apmA,0
1927,QHDW1,apmA,0
1928,QHDW2,apmA,0
1929,QHDW3,apmA,0
1930,QHDYW1,apmA,0
1931,QHDYW2,apmA,0
1932,QHDYW3,apmA,1
1933,QHLW,apmA,0
1934,QHMG1,apmA,0
1935,QHMG2,apmA,0
1936,QHMW1,apmA,0
1937,QHPA,apmA,0
1938,QHPDA,apmA,0
1939,QHWS,apmA,0
1940,QHWW,apmA,0
1941,QHW,apmA,0
1942,QHYWS,apmA,0
1943,TFQHA,apmA,0
1944,DYBA,armA,0
1945,DYG1,armA,0
1946,DYG2,armA,0
1947,DYG3,armA,0
1948,DYS2A,armA,0
1949,DYT1,armA,0
1950,DYW1A,armA,0
1951,FAQHA,armA,0
1952,FAQHYA,armA,0
1953,HYBA,armA,0
1954,HYG2,armA,0
1955,HYG3,armA,0
1956,HYHNGS,armA,0
1957,HYLY1,armA,0
1958,HYLY2,armA,0
1959,HYLY3,armA,0
1960,HYSZGW,armA,0
1961,HYT1,armA,0
1962,HYY1,armA,0
1963,HYY2,armA,0
1964,HYYLWS,armA,0
1965,HYYLWW,armA,0
1966,LRDYA,armA,0
1967,LRDYYA,armA,0
1968,LRHYA,armA,0
1969,LRHYYA,armA,0
1970,LRLSA,armA,0
1971,LRLSYA,armA,0
1972,LRQHA,armA,0
1973,LRQHWA,armA,0
1974,LRQHYWA,armA,0
1975,LSBA,armA,0
1976,LSDG1,armA,0
1977,LSDG2,armA,0
1978,LSDG3,armA,0
1979,LSGG1,armA,0
1980,LSGG2,armA,0
1981,LSGG3,armA,0
1982,LSGLB1,armA,0
1983,LSGY1,armA,0
1984,LSGY2,armA,0
1985,LSGY3,armA,0
1986,LSSA,armA,0
1987,LSWA,armA,0
1988,PCQHA,armA,0
1989,QHBA,armA,0
1990,QHDG1,armA,0
1991,QHDG2,armA,0
1992,QHDG3,armA,0
1993,QHDT1,armA,0
1994,QHDW1,armA,0
1995,QHDW2,armA,0
1996,QHDW3,armA,0
1997,QHDYW1,armA,0
1998,QHDYW2,armA,0
1999,QHDYW3,armA,1
2000,QHLW,armA,0
2001,QHMG1,armA,0
2002,QHMG2,armA,0
2003,QHMW1,armA,0
2004,QHPA,armA,0
2005,QHPDA,armA,0
2006,QHWS,armA,0
2007,QHWW,armA,0
2008,QHW,armA,0
2009,QHYWS,armA,0
2010,TFQHA,armA,0
2011,DYBA,arr_.,0
2012,DYG1,arr_.,0
2013,DYG2,arr_.,0
2014,DYG3,arr_.,0
2015,DYS2A,arr_.,0
2016,DYT1,arr_.,0
2017,DYW1A,arr_.,0
2018,FAQHA,arr_.,0
2019,FAQHYA,arr_.,0
2020,HYBA,arr_.,0
2021,HYG2,arr_.,0
2022,HYG3,arr_.,0
2023,HYHNGS,arr_.,0
2024,HYLY1,arr_.,0
2025,HYLY2,arr_.,0
2026,HYLY3,arr_.,0
2027,HYSZGW,arr_.,0
2028,HYT1,arr_.,0
2029,HYY1,arr_.,0
2030,HYY2,arr_.,0
2031,HYYLWS,arr_.,0
2032,HYYLWW,arr_.,0
2033,LRDYA,arr_.,0
2034,LRDYYA,arr_.,0
2035,LRHYA,arr_.,0
2036,LRHYYA,arr_.,0
2037,LRLSA,arr_.,0
2038,LRLSYA,arr_.,0
2039,LRQHA,arr_.,0
2040,LRQHWA,arr_.,0
2041,LRQHYWA,arr_.,0
2042,LSBA,arr_.,0
2043,LSDG1,arr_.,0
2044,LSDG2,arr_.,0
2045,LSDG3,arr_.,0
2046,LSGG1,arr_.,0
2047,LSGG2,arr_.,0
2048,LSGG3,arr_.,0
2049,LSGLB1,arr_.,0
2050,LSGY1,arr_.,0
2051,LSGY2,arr_.,0
2052,LSGY3,arr_.,0
2053,LSSA,arr_.,0
2054,LSWA,arr_.,0
2055,PCQHA,arr_.,0
2056,QHBA,arr_.,0
2057,QHDG1,arr_.,0
2058,QHDG2,arr_.,0
2059,QHDG3,arr_.,0
2060,QHDT1,arr_.,0
2061,QHDW1,arr_.,0
2062,QHDW2,arr_.,0
2063,QHDW3,arr_.,0
2064,QHDYW1,arr_.,0
2065,QHDYW2,arr_.,0
2066,QHDYW3,arr_.,0
2067,QHLW,arr_.,0
2068,QHMG1,arr_.,1
2069,QHMG2,arr_.,0
2070,QHMW1,arr_.,1
2071,QHPA,arr_.,0
2072,QHPDA,arr_.,0
2073,QHWS,arr_.,0
2074,QHWW,arr_.,0
2075,QHW,arr_.,0
2076,QHYWS,arr_.,0
2077,TFQHA,arr_.,0
2078,DYBA,bacA,0
2079,DYG1,bacA,0
2080,DYG2,bacA,0
2081,DYG3,bacA,0
2082,DYS2A,bacA,0
2083,DYT1,bacA,0
2084,DYW1A,bacA,0
2085,FAQHA,bacA,0
2086,FAQHYA,bacA,0
2087,HYBA,bacA,0
2088,HYG2,bacA,0
2089,HYG3,bacA,0
2090,HYHNGS,bacA,0
2091,HYLY1,bacA,0
2092,HYLY2,bacA,0
2093,HYLY3,bacA,0
2094,HYSZGW,bacA,0
2095,HYT1,bacA,0
2096,HYY1,bacA,0
2097,HYY2,bacA,0
2098,HYYLWS,bacA,0
2099,HYYLWW,bacA,0
2100,LRDYA,bacA,0
2101,LRDYYA,bacA,0
2102,LRHYA,bacA,0
2103,LRHYYA,bacA,0
2104,LRLSA,bacA,0
2105,LRLSYA,bacA,0
2106,LRQHA,bacA,0
2107,LRQHWA,bacA,0
2108,LRQHYWA,bacA,0
2109,LSBA,bacA,0
2110,LSDG1,bacA,0
2111,LSDG2,bacA,0
2112,LSDG3,bacA,0
2113,LSGG1,bacA,0
2114,LSGG2,bacA,0
2115,LSGG3,bacA,0
2116,LSGLB1,bacA,0
2117,LSGY1,bacA,0
2118,LSGY2,bacA,0
2119,LSGY3,bacA,0
2120,LSSA,bacA,0
2121,LSWA,bacA,0
2122,PCQHA,bacA,0
2123,QHBA,bacA,0
2124,QHDG1,bacA,0
2125,QHDG2,bacA,0
2126,QHDG3,bacA,0
2127,QHDT1,bacA,0
2128,QHDW1,bacA,0
2129,QHDW2,bacA,0
2130,QHDW3,bacA,0
2131,QHDYW1,bacA,0
2132,QHDYW2,bacA,0
2133,QHDYW3,bacA,0
2134,QHLW,bacA,0
2135,QHMG1,bacA,0
2136,QHMG2,bacA,1
2137,QHMW1,bacA,0
2138,QHPA,bacA,0
2139,QHPDA,bacA,0
2140,QHWS,bacA,0
2141,QHWW,bacA,0
2142,QHW,bacA,0
2143,QHYWS,bacA,0
2144,TFQHA,bacA,0
2145,DYBA,baeS,0
2146,DYG1,baeS,0
2147,DYG2,baeS,0
2148,DYG3,baeS,0
2149,DYS2A,baeS,0
2150,DYT1,baeS,0
2151,DYW1A,baeS,0
2152,FAQHA,baeS,0
2153,FAQHYA,baeS,0
2154,HYBA,baeS,0
2155,HYG2,baeS,0
2156,HYG3,baeS,0
2157,HYHNGS,baeS,0
2158,HYLY1,baeS,0
2159,HYLY2,baeS,0
2160,HYLY3,baeS,0
2161,HYSZGW,baeS,0
2162,HYT1,baeS,0
2163,HYY1,baeS,0
2164,HYY2,baeS,0
2165,HYYLWS,baeS,0
2166,HYYLWW,baeS,0
2167,LRDYA,baeS,0
2168,LRDYYA,baeS,0
2169,LRHYA,baeS,0
2170,LRHYYA,baeS,0
2171,LRLSA,baeS,0
2172,LRLSYA,baeS,0
2173,LRQHA,baeS,0
2174,LRQHWA,baeS,0
2175,LRQHYWA,baeS,0
2176,LSBA,baeS,0
2177,LSDG1,baeS,0
2178,LSDG2,baeS,0
2179,LSDG3,baeS,0
2180,LSGG1,baeS,0
2181,LSGG2,baeS,0
2182,LSGG3,baeS,0
2183,LSGLB1,baeS,0
2184,LSGY1,baeS,0
2185,LSGY2,baeS,0
2186,LSGY3,baeS,0
2187,LSSA,baeS,0
2188,LSWA,baeS,0
2189,PCQHA,baeS,0
2190,QHBA,baeS,0
2191,QHDG1,baeS,0
2192,QHDG2,baeS,0
2193,QHDG3,baeS,0
2194,QHDT1,baeS,0
2195,QHDW1,baeS,0
2196,QHDW2,baeS,0
2197,QHDW3,baeS,0
2198,QHDYW1,baeS,0
2199,QHDYW2,baeS,0
2200,QHDYW3,baeS,0
2201,QHLW,baeS,0
2202,QHMG1,baeS,0
2203,QHMG2,baeS,1
2204,QHMW1,baeS,0
2205,QHPA,baeS,0
2206,QHPDA,baeS,0
2207,QHWS,baeS,0
2208,QHWW,baeS,0
2209,QHW,baeS,0
2210,QHYWS,baeS,0
2211,TFQHA,baeS,0
2212,DYBA,catQ,0
2213,DYG1,catQ,0
2214,DYG2,catQ,0
2215,DYG3,catQ,0
2216,DYS2A,catQ,0
2217,DYT1,catQ,0
2218,DYW1A,catQ,0
2219,FAQHA,catQ,0
2220,FAQHYA,catQ,0
2221,HYBA,catQ,0
2222,HYG2,catQ,0
2223,HYG3,catQ,0
2224,HYHNGS,catQ,0
2225,HYLY1,catQ,0
2226,HYLY2,catQ,0
2227,HYLY3,catQ,0
2228,HYSZGW,catQ,0
2229,HYT1,catQ,0
2230,HYY1,catQ,0
2231,HYY2,catQ,0
2232,HYYLWS,catQ,0
2233,HYYLWW,catQ,0
2234,LRDYA,catQ,0
2235,LRDYYA,catQ,0
2236,LRHYA,catQ,0
2237,LRHYYA,catQ,0
2238,LRLSA,catQ,1
2239,LRLSYA,catQ,0
2240,LRQHA,catQ,0
2241,LRQHWA,catQ,0
2242,LRQHYWA,catQ,0
2243,LSBA,catQ,0
2244,LSDG1,catQ,0
2245,LSDG2,catQ,0
2246,LSDG3,catQ,0
2247,LSGG1,catQ,0
2248,LSGG2,catQ,0
2249,LSGG3,catQ,0
2250,LSGLB1,catQ,0
2251,LSGY1,catQ,0
2252,LSGY2,catQ,0
2253,LSGY3,catQ,0
2254,LSSA,catQ,0
2255,LSWA,catQ,0
2256,PCQHA,catQ,0
2257,QHBA,catQ,0
2258,QHDG1,catQ,0
2259,QHDG2,catQ,0
2260,QHDG3,catQ,0
2261,QHDT1,catQ,0
2262,QHDW1,catQ,0
2263,QHDW2,catQ,0
2264,QHDW3,catQ,0
2265,QHDYW1,catQ,0
2266,QHDYW2,catQ,0
2267,QHDYW3,catQ,0
2268,QHLW,catQ,0
2269,QHMG1,catQ,0
2270,QHMG2,catQ,0
2271,QHMW1,catQ,0
2272,QHPA,catQ,0
2273,QHPDA,catQ,0
2274,QHWS,catQ,0
2275,QHWW,catQ,0
2276,QHW,catQ,0
2277,QHYWS,catQ,0
2278,TFQHA,catQ,0
2279,DYBA,cmlA.,0
2280,DYG1,cmlA.,0
2281,DYG2,cmlA.,0
2282,DYG3,cmlA.,0
2283,DYS2A,cmlA.,0
2284,DYT1,cmlA.,0
2285,DYW1A,cmlA.,0
2286,FAQHA,cmlA.,0
2287,FAQHYA,cmlA.,0
2288,HYBA,cmlA.,0
2289,HYG2,cmlA.,0
2290,HYG3,cmlA.,0
2291,HYHNGS,cmlA.,0
2292,HYLY1,cmlA.,0
2293,HYLY2,cmlA.,0
2294,HYLY3,cmlA.,0
2295,HYSZGW,cmlA.,0
2296,HYT1,cmlA.,0
2297,HYY1,cmlA.,0
2298,HYY2,cmlA.,0
2299,HYYLWS,cmlA.,0
2300,HYYLWW,cmlA.,0
2301,LRDYA,cmlA.,0
2302,LRDYYA,cmlA.,0
2303,LRHYA,cmlA.,0
2304,LRHYYA,cmlA.,0
2305,LRLSA,cmlA.,0
2306,LRLSYA,cmlA.,0
2307,LRQHA,cmlA.,0
2308,LRQHWA,cmlA.,0
2309,LRQHYWA,cmlA.,0
2310,LSBA,cmlA.,0
2311,LSDG1,cmlA.,0
2312,LSDG2,cmlA.,0
2313,LSDG3,cmlA.,0
2314,LSGG1,cmlA.,0
2315,LSGG2,cmlA.,0
2316,LSGG3,cmlA.,0
2317,LSGLB1,cmlA.,0
2318,LSGY1,cmlA.,0
2319,LSGY2,cmlA.,0
2320,LSGY3,cmlA.,0
2321,LSSA,cmlA.,0
2322,LSWA,cmlA.,0
2323,PCQHA,cmlA.,0
2324,QHBA,cmlA.,0
2325,QHDG1,cmlA.,0
2326,QHDG2,cmlA.,0
2327,QHDG3,cmlA.,0
2328,QHDT1,cmlA.,0
2329,QHDW1,cmlA.,0
2330,QHDW2,cmlA.,0
2331,QHDW3,cmlA.,0
2332,QHDYW1,cmlA.,0
2333,QHDYW2,cmlA.,0
2334,QHDYW3,cmlA.,0
2335,QHLW,cmlA.,0
2336,QHMG1,cmlA.,0
2337,QHMG2,cmlA.,0
2338,QHMW1,cmlA.,1
2339,QHPA,cmlA.,0
2340,QHPDA,cmlA.,0
2341,QHWS,cmlA.,0
2342,QHWW,cmlA.,0
2343,QHW,cmlA.,0
2344,QHYWS,cmlA.,0
2345,TFQHA,cmlA.,0
2346,DYBA,cpxA,0
2347,DYG1,cpxA,0
2348,DYG2,cpxA,0
2349,DYG3,cpxA,0
2350,DYS2A,cpxA,0
2351,DYT1,cpxA,0
2352,DYW1A,cpxA,0
2353,FAQHA,cpxA,0
2354,FAQHYA,cpxA,0
2355,HYBA,cpxA,0
2356,HYG2,cpxA,0
2357,HYG3,cpxA,0
2358,HYHNGS,cpxA,0
2359,HYLY1,cpxA,0
2360,HYLY2,cpxA,0
2361,HYLY3,cpxA,0
2362,HYSZGW,cpxA,0
2363,HYT1,cpxA,0
2364,HYY1,cpxA,0
2365,HYY2,cpxA,0
2366,HYYLWS,cpxA,0
2367,HYYLWW,cpxA,0
2368,LRDYA,cpxA,0
2369,LRDYYA,cpxA,0
2370,LRHYA,cpxA,0
2371,LRHYYA,cpxA,0
2372,LRLSA,cpxA,0
2373,LRLSYA,cpxA,0
2374,LRQHA,cpxA,0
2375,LRQHWA,cpxA,0
2376,LRQHYWA,cpxA,0
2377,LSBA,cpxA,0
2378,LSDG1,cpxA,0
2379,LSDG2,cpxA,0
2380,LSDG3,cpxA,0
2381,LSGG1,cpxA,0
2382,LSGG2,cpxA,0
2383,LSGG3,cpxA,0
2384,LSGLB1,cpxA,0
2385,LSGY1,cpxA,0
2386,LSGY2,cpxA,0
2387,LSGY3,cpxA,0
2388,LSSA,cpxA,0
2389,LSWA,cpxA,0
2390,PCQHA,cpxA,0
2391,QHBA,cpxA,0
2392,QHDG1,cpxA,0
2393,QHDG2,cpxA,0
2394,QHDG3,cpxA,0
2395,QHDT1,cpxA,0
2396,QHDW1,cpxA,0
2397,QHDW2,cpxA,0
2398,QHDW3,cpxA,0
2399,QHDYW1,cpxA,0
2400,QHDYW2,cpxA,0
2401,QHDYW3,cpxA,0
2402,QHLW,cpxA,0
2403,QHMG1,cpxA,0
2404,QHMG2,cpxA,1
2405,QHMW1,cpxA,0
2406,QHPA,cpxA,0
2407,QHPDA,cpxA,0
2408,QHWS,cpxA,0
2409,QHWW,cpxA,0
2410,QHW,cpxA,0
2411,QHYWS,cpxA,0
2412,TFQHA,cpxA,0
2413,DYBA,cyaA_1,0
2414,DYG1,cyaA_1,0
2415,DYG2,cyaA_1,0
2416,DYG3,cyaA_1,0
2417,DYS2A,cyaA_1,0
2418,DYT1,cyaA_1,0
2419,DYW1A,cyaA_1,0
2420,FAQHA,cyaA_1,0
2421,FAQHYA,cyaA_1,0
2422,HYBA,cyaA_1,0
2423,HYG2,cyaA_1,0
2424,HYG3,cyaA_1,0
2425,HYHNGS,cyaA_1,0
2426,HYLY1,cyaA_1,0
2427,HYLY2,cyaA_1,0
2428,HYLY3,cyaA_1,0
2429,HYSZGW,cyaA_1,0
2430,HYT1,cyaA_1,0
2431,HYY1,cyaA_1,0
2432,HYY2,cyaA_1,0
2433,HYYLWS,cyaA_1,0
2434,HYYLWW,cyaA_1,0
2435,LRDYA,cyaA_1,0
2436,LRDYYA,cyaA_1,0
2437,LRHYA,cyaA_1,0
2438,LRHYYA,cyaA_1,0
2439,LRLSA,cyaA_1,0
2440,LRLSYA,cyaA_1,0
2441,LRQHA,cyaA_1,0
2442,LRQHWA,cyaA_1,0
2443,LRQHYWA,cyaA_1,0
2444,LSBA,cyaA_1,0
2445,LSDG1,cyaA_1,0
2446,LSDG2,cyaA_1,0
2447,LSDG3,cyaA_1,0
2448,LSGG1,cyaA_1,0
2449,LSGG2,cyaA_1,0
2450,LSGG3,cyaA_1,0
2451,LSGLB1,cyaA_1,0
2452,LSGY1,cyaA_1,0
2453,LSGY2,cyaA_1,0
2454,LSGY3,cyaA_1,0
2455,LSSA,cyaA_1,0
2456,LSWA,cyaA_1,0
2457,PCQHA,cyaA_1,0
2458,QHBA,cyaA_1,0
2459,QHDG1,cyaA_1,0
2460,QHDG2,cyaA_1,0
2461,QHDG3,cyaA_1,0
2462,QHDT1,cyaA_1,0
2463,QHDW1,cyaA_1,0
2464,QHDW2,cyaA_1,0
2465,QHDW3,cyaA_1,0
2466,QHDYW1,cyaA_1,0
2467,QHDYW2,cyaA_1,0
2468,QHDYW3,cyaA_1,0
2469,QHLW,cyaA_1,0
2470,QHMG1,cyaA_1,0
2471,QHMG2,cyaA_1,1
2472,QHMW1,cyaA_1,0
2473,QHPA,cyaA_1,0
2474,QHPDA,cyaA_1,0
2475,QHWS,cyaA_1,0
2476,QHWW,cyaA_1,0
2477,QHW,cyaA_1,0
2478,QHYWS,cyaA_1,0
2479,TFQHA,cyaA_1,0
2480,DYBA,dfrA12,0
2481,DYG1,dfrA12,0
2482,DYG2,dfrA12,0
2483,DYG3,dfrA12,0
2484,DYS2A,dfrA12,0
2485,DYT1,dfrA12,0
2486,DYW1A,dfrA12,0
2487,FAQHA,dfrA12,0
2488,FAQHYA,dfrA12,0
2489,HYBA,dfrA12,0
2490,HYG2,dfrA12,0
2491,HYG3,dfrA12,0
2492,HYHNGS,dfrA12,0
2493,HYLY1,dfrA12,0
2494,HYLY2,dfrA12,0
2495,HYLY3,dfrA12,0
2496,HYSZGW,dfrA12,0
2497,HYT1,dfrA12,0
2498,HYY1,dfrA12,0
2499,HYY2,dfrA12,0
2500,HYYLWS,dfrA12,0
2501,HYYLWW,dfrA12,0
2502,LRDYA,dfrA12,0
2503,LRDYYA,dfrA12,0
2504,LRHYA,dfrA12,0
2505,LRHYYA,dfrA12,0
2506,LRLSA,dfrA12,0
2507,LRLSYA,dfrA12,0
2508,LRQHA,dfrA12,0
2509,LRQHWA,dfrA12,0
2510,LRQHYWA,dfrA12,0
2511,LSBA,dfrA12,0
2512,LSDG1,dfrA12,0
2513,LSDG2,dfrA12,0
2514,LSDG3,dfrA12,0
2515,LSGG1,dfrA12,0
2516,LSGG2,dfrA12,0
2517,LSGG3,dfrA12,0
2518,LSGLB1,dfrA12,0
2519,LSGY1,dfrA12,0
2520,LSGY2,dfrA12,0
2521,LSGY3,dfrA12,0
2522,LSSA,dfrA12,0
2523,LSWA,dfrA12,0
2524,PCQHA,dfrA12,0
2525,QHBA,dfrA12,0
2526,QHDG1,dfrA12,0
2527,QHDG2,dfrA12,0
2528,QHDG3,dfrA12,0
2529,QHDT1,dfrA12,0
2530,QHDW1,dfrA12,0
2531,QHDW2,dfrA12,0
2532,QHDW3,dfrA12,0
2533,QHDYW1,dfrA12,0
2534,QHDYW2,dfrA12,0
2535,QHDYW3,dfrA12,0
2536,QHLW,dfrA12,0
2537,QHMG1,dfrA12,0
2538,QHMG2,dfrA12,0
2539,QHMW1,dfrA12,1
2540,QHPA,dfrA12,0
2541,QHPDA,dfrA12,0
2542,QHWS,dfrA12,0
2543,QHWW,dfrA12,0
2544,QHW,dfrA12,0
2545,QHYWS,dfrA12,0
2546,TFQHA,dfrA12,0
2547,DYBA,dfrA14,0
2548,DYG1,dfrA14,0
2549,DYG2,dfrA14,0
2550,DYG3,dfrA14,0
2551,DYS2A,dfrA14,0
2552,DYT1,dfrA14,0
2553,DYW1A,dfrA14,0
2554,FAQHA,dfrA14,0
2555,FAQHYA,dfrA14,0
2556,HYBA,dfrA14,0
2557,HYG2,dfrA14,0
2558,HYG3,dfrA14,0
2559,HYHNGS,dfrA14,0
2560,HYLY1,dfrA14,0
2561,HYLY2,dfrA14,0
2562,HYLY3,dfrA14,0
2563,HYSZGW,dfrA14,0
2564,HYT1,dfrA14,0
2565,HYY1,dfrA14,0
2566,HYY2,dfrA14,0
2567,HYYLWS,dfrA14,0
2568,HYYLWW,dfrA14,0
2569,LRDYA,dfrA14,0
2570,LRDYYA,dfrA14,0
2571,LRHYA,dfrA14,0
2572,LRHYYA,dfrA14,0
2573,LRLSA,dfrA14,0
2574,LRLSYA,dfrA14,0
2575,LRQHA,dfrA14,0
2576,LRQHWA,dfrA14,0
2577,LRQHYWA,dfrA14,0
2578,LSBA,dfrA14,0
2579,LSDG1,dfrA14,0
2580,LSDG2,dfrA14,0
2581,LSDG3,dfrA14,0
2582,LSGG1,dfrA14,0
2583,LSGG2,dfrA14,0
2584,LSGG3,dfrA14,0
2585,LSGLB1,dfrA14,0
2586,LSGY1,dfrA14,0
2587,LSGY2,dfrA14,0
2588,LSGY3,dfrA14,0
2589,LSSA,dfrA14,0
2590,LSWA,dfrA14,0
2591,PCQHA,dfrA14,0
2592,QHBA,dfrA14,0
2593,QHDG1,dfrA14,0
2594,QHDG2,dfrA14,0
2595,QHDG3,dfrA14,0
2596,QHDT1,dfrA14,0
2597,QHDW1,dfrA14,0
2598,QHDW2,dfrA14,0
2599,QHDW3,dfrA14,0
2600,QHDYW1,dfrA14,0
2601,QHDYW2,dfrA14,0
2602,QHDYW3,dfrA14,1
2603,QHLW,dfrA14,0
2604,QHMG1,dfrA14,0
2605,QHMG2,dfrA14,0
2606,QHMW1,dfrA14,1
2607,QHPA,dfrA14,0
2608,QHPDA,dfrA14,0
2609,QHWS,dfrA14,0
2610,QHWW,dfrA14,0
2611,QHW,dfrA14,0
2612,QHYWS,dfrA14,0
2613,TFQHA,dfrA14,0
2614,DYBA,dfrA2.,0
2615,DYG1,dfrA2.,0
2616,DYG2,dfrA2.,0
2617,DYG3,dfrA2.,0
2618,DYS2A,dfrA2.,0
2619,DYT1,dfrA2.,0
2620,DYW1A,dfrA2.,0
2621,FAQHA,dfrA2.,0
2622,FAQHYA,dfrA2.,0
2623,HYBA,dfrA2.,0
2624,HYG2,dfrA2.,0
2625,HYG3,dfrA2.,0
2626,HYHNGS,dfrA2.,0
2627,HYLY1,dfrA2.,0
2628,HYLY2,dfrA2.,0
2629,HYLY3,dfrA2.,0
2630,HYSZGW,dfrA2.,0
2631,HYT1,dfrA2.,0
2632,HYY1,dfrA2.,0
2633,HYY2,dfrA2.,0
2634,HYYLWS,dfrA2.,0
2635,HYYLWW,dfrA2.,0
2636,LRDYA,dfrA2.,0
2637,LRDYYA,dfrA2.,0
2638,LRHYA,dfrA2.,0
2639,LRHYYA,dfrA2.,0
2640,LRLSA,dfrA2.,0
2641,LRLSYA,dfrA2.,0
2642,LRQHA,dfrA2.,0
2643,LRQHWA,dfrA2.,0
2644,LRQHYWA,dfrA2.,0
2645,LSBA,dfrA2.,0
2646,LSDG1,dfrA2.,0
2647,LSDG2,dfrA2.,0
2648,LSDG3,dfrA2.,0
2649,LSGG1,dfrA2.,0
2650,LSGG2,dfrA2.,0
2651,LSGG3,dfrA2.,0
2652,LSGLB1,dfrA2.,0
2653,LSGY1,dfrA2.,0
2654,LSGY2,dfrA2.,0
2655,LSGY3,dfrA2.,0
2656,LSSA,dfrA2.,0
2657,LSWA,dfrA2.,0
2658,PCQHA,dfrA2.,0
2659,QHBA,dfrA2.,0
2660,QHDG1,dfrA2.,0
2661,QHDG2,dfrA2.,0
2662,QHDG3,dfrA2.,0
2663,QHDT1,dfrA2.,0
2664,QHDW1,dfrA2.,0
2665,QHDW2,dfrA2.,0
2666,QHDW3,dfrA2.,0
2667,QHDYW1,dfrA2.,0
2668,QHDYW2,dfrA2.,0
2669,QHDYW3,dfrA2.,1
2670,QHLW,dfrA2.,0
2671,QHMG1,dfrA2.,0
2672,QHMG2,dfrA2.,0
2673,QHMW1,dfrA2.,1
2674,QHPA,dfrA2.,0
2675,QHPDA,dfrA2.,0
2676,QHWS,dfrA2.,0
2677,QHWW,dfrA2.,0
2678,QHW,dfrA2.,0
2679,QHYWS,dfrA2.,0
2680,TFQHA,dfrA2.,0
2681,DYBA,dfrE,0
2682,DYG1,dfrE,0
2683,DYG2,dfrE,0
2684,DYG3,dfrE,0
2685,DYS2A,dfrE,0
2686,DYT1,dfrE,0
2687,DYW1A,dfrE,0
2688,FAQHA,dfrE,0
2689,FAQHYA,dfrE,0
2690,HYBA,dfrE,0
2691,HYG2,dfrE,0
2692,HYG3,dfrE,0
2693,HYHNGS,dfrE,0
2694,HYLY1,dfrE,0
2695,HYLY2,dfrE,0
2696,HYLY3,dfrE,0
2697,HYSZGW,dfrE,0
2698,HYT1,dfrE,0
2699,HYY1,dfrE,0
2700,HYY2,dfrE,0
2701,HYYLWS,dfrE,0
2702,HYYLWW,dfrE,0
2703,LRDYA,dfrE,0
2704,LRDYYA,dfrE,0
2705,LRHYA,dfrE,0
2706,LRHYYA,dfrE,0
2707,LRLSA,dfrE,0
2708,LRLSYA,dfrE,0
2709,LRQHA,dfrE,0
2710,LRQHWA,dfrE,0
2711,LRQHYWA,dfrE,0
2712,LSBA,dfrE,0
2713,LSDG1,dfrE,0
2714,LSDG2,dfrE,0
2715,LSDG3,dfrE,0
2716,LSGG1,dfrE,0
2717,LSGG2,dfrE,0
2718,LSGG3,dfrE,0
2719,LSGLB1,dfrE,0
2720,LSGY1,dfrE,0
2721,LSGY2,dfrE,0
2722,LSGY3,dfrE,0
2723,LSSA,dfrE,0
2724,LSWA,dfrE,0
2725,PCQHA,dfrE,0
2726,QHBA,dfrE,0
2727,QHDG1,dfrE,0
2728,QHDG2,dfrE,0
2729,QHDG3,dfrE,0
2730,QHDT1,dfrE,0
2731,QHDW1,dfrE,0
2732,QHDW2,dfrE,0
2733,QHDW3,dfrE,0
2734,QHDYW1,dfrE,0
2735,QHDYW2,dfrE,0
2736,QHDYW3,dfrE,1
2737,QHLW,dfrE,0
2738,QHMG1,dfrE,0
2739,QHMG2,dfrE,0
2740,QHMW1,dfrE,0
2741,QHPA,dfrE,0
2742,QHPDA,dfrE,0
2743,QHWS,dfrE,0
2744,QHWW,dfrE,0
2745,QHW,dfrE,0
2746,QHYWS,dfrE,0
2747,TFQHA,dfrE,0
2748,DYBA,dfrG,0
2749,DYG1,dfrG,0
2750,DYG2,dfrG,0
2751,DYG3,dfrG,0
2752,DYS2A,dfrG,0
2753,DYT1,dfrG,0
2754,DYW1A,dfrG,0
2755,FAQHA,dfrG,0
2756,FAQHYA,dfrG,0
2757,HYBA,dfrG,0
2758,HYG2,dfrG,0
2759,HYG3,dfrG,0
2760,HYHNGS,dfrG,0
2761,HYLY1,dfrG,0
2762,HYLY2,dfrG,0
2763,HYLY3,dfrG,0
2764,HYSZGW,dfrG,0
2765,HYT1,dfrG,0
2766,HYY1,dfrG,0
2767,HYY2,dfrG,0
2768,HYYLWS,dfrG,0
2769,HYYLWW,dfrG,0
2770,LRDYA,dfrG,0
2771,LRDYYA,dfrG,0
2772,LRHYA,dfrG,0
2773,LRHYYA,dfrG,0
2774,LRLSA,dfrG,0
2775,LRLSYA,dfrG,0
2776,LRQHA,dfrG,0
2777,LRQHWA,dfrG,0
2778,LRQHYWA,dfrG,0
2779,LSBA,dfrG,0
2780,LSDG1,dfrG,0
2781,LSDG2,dfrG,0
2782,LSDG3,dfrG,0
2783,LSGG1,dfrG,0
2784,LSGG2,dfrG,0
2785,LSGG3,dfrG,0
2786,LSGLB1,dfrG,0
2787,LSGY1,dfrG,0
2788,LSGY2,dfrG,0
2789,LSGY3,dfrG,0
2790,LSSA,dfrG,0
2791,LSWA,dfrG,0
2792,PCQHA,dfrG,0
2793,QHBA,dfrG,0
2794,QHDG1,dfrG,0
2795,QHDG2,dfrG,0
2796,QHDG3,dfrG,0
2797,QHDT1,dfrG,0
2798,QHDW1,dfrG,0
2799,QHDW2,dfrG,0
2800,QHDW3,dfrG,0
2801,QHDYW1,dfrG,0
2802,QHDYW2,dfrG,0
2803,QHDYW3,dfrG,1
2804,QHLW,dfrG,0
2805,QHMG1,dfrG,0
2806,QHMG2,dfrG,0
2807,QHMW1,dfrG,0
2808,QHPA,dfrG,0
2809,QHPDA,dfrG,0
2810,QHWS,dfrG,0
2811,QHWW,dfrG,0
2812,QHW,dfrG,0
2813,QHYWS,dfrG,0
2814,TFQHA,dfrG,0
2815,DYBA,efmA,0
2816,DYG1,efmA,0
2817,DYG2,efmA,0
2818,DYG3,efmA,0
2819,DYS2A,efmA,0
2820,DYT1,efmA,0
2821,DYW1A,efmA,0
2822,FAQHA,efmA,0
2823,FAQHYA,efmA,0
2824,HYBA,efmA,0
2825,HYG2,efmA,0
2826,HYG3,efmA,0
2827,HYHNGS,efmA,0
2828,HYLY1,efmA,0
2829,HYLY2,efmA,0
2830,HYLY3,efmA,0
2831,HYSZGW,efmA,0
2832,HYT1,efmA,0
2833,HYY1,efmA,0
2834,HYY2,efmA,0
2835,HYYLWS,efmA,0
2836,HYYLWW,efmA,0
2837,LRDYA,efmA,0
2838,LRDYYA,efmA,0
2839,LRHYA,efmA,0
2840,LRHYYA,efmA,0
2841,LRLSA,efmA,0
2842,LRLSYA,efmA,0
2843,LRQHA,efmA,0
2844,LRQHWA,efmA,0
2845,LRQHYWA,efmA,0
2846,LSBA,efmA,0
2847,LSDG1,efmA,0
2848,LSDG2,efmA,0
2849,LSDG3,efmA,0
2850,LSGG1,efmA,0
2851,LSGG2,efmA,0
2852,LSGG3,efmA,0
2853,LSGLB1,efmA,0
2854,LSGY1,efmA,0
2855,LSGY2,efmA,0
2856,LSGY3,efmA,0
2857,LSSA,efmA,0
2858,LSWA,efmA,0
2859,PCQHA,efmA,0
2860,QHBA,efmA,0
2861,QHDG1,efmA,0
2862,QHDG2,efmA,0
2863,QHDG3,efmA,0
2864,QHDT1,efmA,0
2865,QHDW1,efmA,0
2866,QHDW2,efmA,0
2867,QHDW3,efmA,0
2868,QHDYW1,efmA,0
2869,QHDYW2,efmA,0
2870,QHDYW3,efmA,1
2871,QHLW,efmA,0
2872,QHMG1,efmA,0
2873,QHMG2,efmA,0
2874,QHMW1,efmA,0
2875,QHPA,efmA,0
2876,QHPDA,efmA,0
2877,QHWS,efmA,0
2878,QHWW,efmA,0
2879,QHW,efmA,0
2880,QHYWS,efmA,0
2881,TFQHA,efmA,0
2882,DYBA,emrR,0
2883,DYG1,emrR,0
2884,DYG2,emrR,0
2885,DYG3,emrR,0
2886,DYS2A,emrR,0
2887,DYT1,emrR,0
2888,DYW1A,emrR,0
2889,FAQHA,emrR,0
2890,FAQHYA,emrR,0
2891,HYBA,emrR,0
2892,HYG2,emrR,1
2893,HYG3,emrR,0
2894,HYHNGS,emrR,0
2895,HYLY1,emrR,0
2896,HYLY2,emrR,0
2897,HYLY3,emrR,0
2898,HYSZGW,emrR,0
2899,HYT1,emrR,0
2900,HYY1,emrR,0
2901,HYY2,emrR,0
2902,HYYLWS,emrR,0
2903,HYYLWW,emrR,0
2904,LRDYA,emrR,0
2905,LRDYYA,emrR,0
2906,LRHYA,emrR,0
2907,LRHYYA,emrR,0
2908,LRLSA,emrR,0
2909,LRLSYA,emrR,0
2910,LRQHA,emrR,0
2911,LRQHWA,emrR,0
2912,LRQHYWA,emrR,0
2913,LSBA,emrR,0
2914,LSDG1,emrR,0
2915,LSDG2,emrR,0
2916,LSDG3,emrR,0
2917,LSGG1,emrR,1
2918,LSGG2,emrR,0
2919,LSGG3,emrR,0
2920,LSGLB1,emrR,0
2921,LSGY1,emrR,0
2922,LSGY2,emrR,0
2923,LSGY3,emrR,0
2924,LSSA,emrR,0
2925,LSWA,emrR,0
2926,PCQHA,emrR,0
2927,QHBA,emrR,0
2928,QHDG1,emrR,0
2929,QHDG2,emrR,0
2930,QHDG3,emrR,0
2931,QHDT1,emrR,0
2932,QHDW1,emrR,0
2933,QHDW2,emrR,0
2934,QHDW3,emrR,1
2935,QHDYW1,emrR,0
2936,QHDYW2,emrR,0
2937,QHDYW3,emrR,1
2938,QHLW,emrR,0
2939,QHMG1,emrR,0
2940,QHMG2,emrR,1
2941,QHMW1,emrR,0
2942,QHPA,emrR,0
2943,QHPDA,emrR,0
2944,QHWS,emrR,0
2945,QHWW,emrR,0
2946,QHW,emrR,0
2947,QHYWS,emrR,0
2948,TFQHA,emrR,0
2949,DYBA,evgA,0
2950,DYG1,evgA,0
2951,DYG2,evgA,0
2952,DYG3,evgA,0
2953,DYS2A,evgA,0
2954,DYT1,evgA,0
2955,DYW1A,evgA,0
2956,FAQHA,evgA,0
2957,FAQHYA,evgA,0
2958,HYBA,evgA,0
2959,HYG2,evgA,0
2960,HYG3,evgA,0
2961,HYHNGS,evgA,0
2962,HYLY1,evgA,0
2963,HYLY2,evgA,0
2964,HYLY3,evgA,0
2965,HYSZGW,evgA,0
2966,HYT1,evgA,0
2967,HYY1,evgA,0
2968,HYY2,evgA,0
2969,HYYLWS,evgA,0
2970,HYYLWW,evgA,0
2971,LRDYA,evgA,0
2972,LRDYYA,evgA,0
2973,LRHYA,evgA,0
2974,LRHYYA,evgA,0
2975,LRLSA,evgA,0
2976,LRLSYA,evgA,0
2977,LRQHA,evgA,0
2978,LRQHWA,evgA,0
2979,LRQHYWA,evgA,1
2980,LSBA,evgA,0
2981,LSDG1,evgA,0
2982,LSDG2,evgA,0
2983,LSDG3,evgA,0
2984,LSGG1,evgA,1
2985,LSGG2,evgA,0
2986,LSGG3,evgA,0
2987,LSGLB1,evgA,0
2988,LSGY1,evgA,0
2989,LSGY2,evgA,0
2990,LSGY3,evgA,0
2991,LSSA,evgA,0
2992,LSWA,evgA,0
2993,PCQHA,evgA,0
2994,QHBA,evgA,0
2995,QHDG1,evgA,0
2996,QHDG2,evgA,0
2997,QHDG3,evgA,0
2998,QHDT1,evgA,0
2999,QHDW1,evgA,0
3000,QHDW2,evgA,0
3001,QHDW3,evgA,0
3002,QHDYW1,evgA,0
3003,QHDYW2,evgA,0
3004,QHDYW3,evgA,0
3005,QHLW,evgA,0
3006,QHMG1,evgA,0
3007,QHMG2,evgA,0
3008,QHMW1,evgA,1
3009,QHPA,evgA,0
3010,QHPDA,evgA,0
3011,QHWS,evgA,0
3012,QHWW,evgA,0
3013,QHW,evgA,0
3014,QHYWS,evgA,0
3015,TFQHA,evgA,0
3016,DYBA,fexA,0
3017,DYG1,fexA,0
3018,DYG2,fexA,0
3019,DYG3,fexA,0
3020,DYS2A,fexA,0
3021,DYT1,fexA,0
3022,DYW1A,fexA,0
3023,FAQHA,fexA,0
3024,FAQHYA,fexA,0
3025,HYBA,fexA,0
3026,HYG2,fexA,0
3027,HYG3,fexA,0
3028,HYHNGS,fexA,0
3029,HYLY1,fexA,0
3030,HYLY2,fexA,0
3031,HYLY3,fexA,0
3032,HYSZGW,fexA,1
3033,HYT1,fexA,0
3034,HYY1,fexA,0
3035,HYY2,fexA,0
3036,HYYLWS,fexA,0
3037,HYYLWW,fexA,0
3038,LRDYA,fexA,0
3039,LRDYYA,fexA,0
3040,LRHYA,fexA,0
3041,LRHYYA,fexA,0
3042,LRLSA,fexA,0
3043,LRLSYA,fexA,0
3044,LRQHA,fexA,0
3045,LRQHWA,fexA,0
3046,LRQHYWA,fexA,0
3047,LSBA,fexA,0
3048,LSDG1,fexA,0
3049,LSDG2,fexA,0
3050,LSDG3,fexA,0
3051,LSGG1,fexA,0
3052,LSGG2,fexA,0
3053,LSGG3,fexA,0
3054,LSGLB1,fexA,0
3055,LSGY1,fexA,0
3056,LSGY2,fexA,0
3057,LSGY3,fexA,0
3058,LSSA,fexA,0
3059,LSWA,fexA,0
3060,PCQHA,fexA,0
3061,QHBA,fexA,0
3062,QHDG1,fexA,0
3063,QHDG2,fexA,0
3064,QHDG3,fexA,0
3065,QHDT1,fexA,0
3066,QHDW1,fexA,0
3067,QHDW2,fexA,0
3068,QHDW3,fexA,0
3069,QHDYW1,fexA,0
3070,QHDYW2,fexA,0
3071,QHDYW3,fexA,1
3072,QHLW,fexA,0
3073,QHMG1,fexA,0
3074,QHMG2,fexA,0
3075,QHMW1,fexA,0
3076,QHPA,fexA,0
3077,QHPDA,fexA,0
3078,QHWS,fexA,0
3079,QHWW,fexA,0
3080,QHW,fexA,0
3081,QHYWS,fexA,0
3082,TFQHA,fexA,0
3083,DYBA,floR.,0
3084,DYG1,floR.,0
3085,DYG2,floR.,0
3086,DYG3,floR.,0
3087,DYS2A,floR.,0
3088,DYT1,floR.,0
3089,DYW1A,floR.,0
3090,FAQHA,floR.,0
3091,FAQHYA,floR.,0
3092,HYBA,floR.,0
3093,HYG2,floR.,0
3094,HYG3,floR.,0
3095,HYHNGS,floR.,0
3096,HYLY1,floR.,0
3097,HYLY2,floR.,0
3098,HYLY3,floR.,0
3099,HYSZGW,floR.,1
3100,HYT1,floR.,0
3101,HYY1,floR.,0
3102,HYY2,floR.,0
3103,HYYLWS,floR.,0
3104,HYYLWW,floR.,0
3105,LRDYA,floR.,0
3106,LRDYYA,floR.,0
3107,LRHYA,floR.,0
3108,LRHYYA,floR.,0
3109,LRLSA,floR.,0
3110,LRLSYA,floR.,0
3111,LRQHA,floR.,0
3112,LRQHWA,floR.,0
3113,LRQHYWA,floR.,0
3114,LSBA,floR.,0
3115,LSDG1,floR.,0
3116,LSDG2,floR.,0
3117,LSDG3,floR.,0
3118,LSGG1,floR.,0
3119,LSGG2,floR.,0
3120,LSGG3,floR.,0
3121,LSGLB1,floR.,0
3122,LSGY1,floR.,0
3123,LSGY2,floR.,0
3124,LSGY3,floR.,0
3125,LSSA,floR.,0
3126,LSWA,floR.,0
3127,PCQHA,floR.,0
3128,QHBA,floR.,0
3129,QHDG1,floR.,0
3130,QHDG2,floR.,0
3131,QHDG3,floR.,0
3132,QHDT1,floR.,0
3133,QHDW1,floR.,0
3134,QHDW2,floR.,0
3135,QHDW3,floR.,0
3136,QHDYW1,floR.,0
3137,QHDYW2,floR.,0
3138,QHDYW3,floR.,0
3139,QHLW,floR.,0
3140,QHMG1,floR.,0
3141,QHMG2,floR.,0
3142,QHMW1,floR.,0
3143,QHPA,floR.,0
3144,QHPDA,floR.,0
3145,QHWS,floR.,0
3146,QHWW,floR.,0
3147,QHW,floR.,0
3148,QHYWS,floR.,0
3149,TFQHA,floR.,0
3150,DYBA,gadW,0
3151,DYG1,gadW,0
3152,DYG2,gadW,0
3153,DYG3,gadW,0
3154,DYS2A,gadW,0
3155,DYT1,gadW,0
3156,DYW1A,gadW,0
3157,FAQHA,gadW,0
3158,FAQHYA,gadW,0
3159,HYBA,gadW,0
3160,HYG2,gadW,0
3161,HYG3,gadW,0
3162,HYHNGS,gadW,0
3163,HYLY1,gadW,0
3164,HYLY2,gadW,0
3165,HYLY3,gadW,0
3166,HYSZGW,gadW,0
3167,HYT1,gadW,0
3168,HYY1,gadW,0
3169,HYY2,gadW,0
3170,HYYLWS,gadW,0
3171,HYYLWW,gadW,0
3172,LRDYA,gadW,0
3173,LRDYYA,gadW,0
3174,LRHYA,gadW,0
3175,LRHYYA,gadW,0
3176,LRLSA,gadW,0
3177,LRLSYA,gadW,0
3178,LRQHA,gadW,0
3179,LRQHWA,gadW,0
3180,LRQHYWA,gadW,0
3181,LSBA,gadW,0
3182,LSDG1,gadW,0
3183,LSDG2,gadW,0
3184,LSDG3,gadW,0
3185,LSGG1,gadW,0
3186,LSGG2,gadW,0
3187,LSGG3,gadW,0
3188,LSGLB1,gadW,0
3189,LSGY1,gadW,0
3190,LSGY2,gadW,0
3191,LSGY3,gadW,0
3192,LSSA,gadW,0
3193,LSWA,gadW,0
3194,PCQHA,gadW,0
3195,QHBA,gadW,0
3196,QHDG1,gadW,0
3197,QHDG2,gadW,0
3198,QHDG3,gadW,0
3199,QHDT1,gadW,0
3200,QHDW1,gadW,0
3201,QHDW2,gadW,0
3202,QHDW3,gadW,0
3203,QHDYW1,gadW,0
3204,QHDYW2,gadW,0
3205,QHDYW3,gadW,0
3206,QHLW,gadW,0
3207,QHMG1,gadW,0
3208,QHMG2,gadW,0
3209,QHMW1,gadW,1
3210,QHPA,gadW,0
3211,QHPDA,gadW,0
3212,QHWS,gadW,0
3213,QHWW,gadW,0
3214,QHW,gadW,0
3215,QHYWS,gadW,0
3216,TFQHA,gadW,0
3217,DYBA,gadX,0
3218,DYG1,gadX,0
3219,DYG2,gadX,0
3220,DYG3,gadX,0
3221,DYS2A,gadX,0
3222,DYT1,gadX,0
3223,DYW1A,gadX,0
3224,FAQHA,gadX,0
3225,FAQHYA,gadX,0
3226,HYBA,gadX,0
3227,HYG2,gadX,0
3228,HYG3,gadX,0
3229,HYHNGS,gadX,0
3230,HYLY1,gadX,0
3231,HYLY2,gadX,0
3232,HYLY3,gadX,0
3233,HYSZGW,gadX,0
3234,HYT1,gadX,0
3235,HYY1,gadX,0
3236,HYY2,gadX,0
3237,HYYLWS,gadX,0
3238,HYYLWW,gadX,0
3239,LRDYA,gadX,0
3240,LRDYYA,gadX,0
3241,LRHYA,gadX,0
3242,LRHYYA,gadX,0
3243,LRLSA,gadX,0
3244,LRLSYA,gadX,0
3245,LRQHA,gadX,0
3246,LRQHWA,gadX,0
3247,LRQHYWA,gadX,0
3248,LSBA,gadX,0
3249,LSDG1,gadX,0
3250,LSDG2,gadX,0
3251,LSDG3,gadX,0
3252,LSGG1,gadX,0
3253,LSGG2,gadX,0
3254,LSGG3,gadX,0
3255,LSGLB1,gadX,0
3256,LSGY1,gadX,0
3257,LSGY2,gadX,0
3258,LSGY3,gadX,0
3259,LSSA,gadX,0
3260,LSWA,gadX,0
3261,PCQHA,gadX,0
3262,QHBA,gadX,0
3263,QHDG1,gadX,0
3264,QHDG2,gadX,0
3265,QHDG3,gadX,0
3266,QHDT1,gadX,0
3267,QHDW1,gadX,0
3268,QHDW2,gadX,0
3269,QHDW3,gadX,0
3270,QHDYW1,gadX,0
3271,QHDYW2,gadX,0
3272,QHDYW3,gadX,0
3273,QHLW,gadX,0
3274,QHMG1,gadX,0
3275,QHMG2,gadX,1
3276,QHMW1,gadX,1
3277,QHPA,gadX,0
3278,QHPDA,gadX,0
3279,QHWS,gadX,0
3280,QHWW,gadX,0
3281,QHW,gadX,0
3282,QHYWS,gadX,0
3283,TFQHA,gadX,0
3284,DYBA,lnuB.,0
3285,DYG1,lnuB.,0
3286,DYG2,lnuB.,0
3287,DYG3,lnuB.,0
3288,DYS2A,lnuB.,0
3289,DYT1,lnuB.,0
3290,DYW1A,lnuB.,0
3291,FAQHA,lnuB.,0
3292,FAQHYA,lnuB.,0
3293,HYBA,lnuB.,0
3294,HYG2,lnuB.,0
3295,HYG3,lnuB.,0
3296,HYHNGS,lnuB.,0
3297,HYLY1,lnuB.,0
3298,HYLY2,lnuB.,0
3299,HYLY3,lnuB.,0
3300,HYSZGW,lnuB.,0
3301,HYT1,lnuB.,0
3302,HYY1,lnuB.,0
3303,HYY2,lnuB.,0
3304,HYYLWS,lnuB.,0
3305,HYYLWW,lnuB.,0
3306,LRDYA,lnuB.,0
3307,LRDYYA,lnuB.,0
3308,LRHYA,lnuB.,0
3309,LRHYYA,lnuB.,0
3310,LRLSA,lnuB.,0
3311,LRLSYA,lnuB.,0
3312,LRQHA,lnuB.,0
3313,LRQHWA,lnuB.,0
3314,LRQHYWA,lnuB.,0
3315,LSBA,lnuB.,0
3316,LSDG1,lnuB.,0
3317,LSDG2,lnuB.,0
3318,LSDG3,lnuB.,0
3319,LSGG1,lnuB.,0
3320,LSGG2,lnuB.,0
3321,LSGG3,lnuB.,0
3322,LSGLB1,lnuB.,0
3323,LSGY1,lnuB.,0
3324,LSGY2,lnuB.,0
3325,LSGY3,lnuB.,0
3326,LSSA,lnuB.,0
3327,LSWA,lnuB.,0
3328,PCQHA,lnuB.,0
3329,QHBA,lnuB.,0
3330,QHDG1,lnuB.,0
3331,QHDG2,lnuB.,0
3332,QHDG3,lnuB.,0
3333,QHDT1,lnuB.,0
3334,QHDW1,lnuB.,0
3335,QHDW2,lnuB.,0
3336,QHDW3,lnuB.,0
3337,QHDYW1,lnuB.,0
3338,QHDYW2,lnuB.,0
3339,QHDYW3,lnuB.,1
3340,QHLW,lnuB.,0
3341,QHMG1,lnuB.,0
3342,QHMG2,lnuB.,0
3343,QHMW1,lnuB.,0
3344,QHPA,lnuB.,0
3345,QHPDA,lnuB.,0
3346,QHWS,lnuB.,0
3347,QHWW,lnuB.,0
3348,QHW,lnuB.,0
3349,QHYWS,lnuB.,0
3350,TFQHA,lnuB.,0
3351,DYBA,lnuC,0
3352,DYG1,lnuC,0
3353,DYG2,lnuC,0
3354,DYG3,lnuC,1
3355,DYS2A,lnuC,0
3356,DYT1,lnuC,1
3357,DYW1A,lnuC,0
3358,FAQHA,lnuC,0
3359,FAQHYA,lnuC,0
3360,HYBA,lnuC,0
3361,HYG2,lnuC,0
3362,HYG3,lnuC,0
3363,HYHNGS,lnuC,0
3364,HYLY1,lnuC,1
3365,HYLY2,lnuC,1
3366,HYLY3,lnuC,0
3367,HYSZGW,lnuC,0
3368,HYT1,lnuC,0
3369,HYY1,lnuC,1
3370,HYY2,lnuC,1
3371,HYYLWS,lnuC,0
3372,HYYLWW,lnuC,0
3373,LRDYA,lnuC,1
3374,LRDYYA,lnuC,0
3375,LRHYA,lnuC,0
3376,LRHYYA,lnuC,0
3377,LRLSA,lnuC,0
3378,LRLSYA,lnuC,0
3379,LRQHA,lnuC,0
3380,LRQHWA,lnuC,1
3381,LRQHYWA,lnuC,1
3382,LSBA,lnuC,0
3383,LSDG1,lnuC,0
3384,LSDG2,lnuC,0
3385,LSDG3,lnuC,0
3386,LSGG1,lnuC,1
3387,LSGG2,lnuC,0
3388,LSGG3,lnuC,0
3389,LSGLB1,lnuC,0
3390,LSGY1,lnuC,0
3391,LSGY2,lnuC,1
3392,LSGY3,lnuC,0
3393,LSSA,lnuC,0
3394,LSWA,lnuC,0
3395,PCQHA,lnuC,0
3396,QHBA,lnuC,0
3397,QHDG1,lnuC,1
3398,QHDG2,lnuC,1
3399,QHDG3,lnuC,0
3400,QHDT1,lnuC,1
3401,QHDW1,lnuC,0
3402,QHDW2,lnuC,0
3403,QHDW3,lnuC,1
3404,QHDYW1,lnuC,1
3405,QHDYW2,lnuC,0
3406,QHDYW3,lnuC,0
3407,QHLW,lnuC,0
3408,QHMG1,lnuC,0
3409,QHMG2,lnuC,1
3410,QHMW1,lnuC,1
3411,QHPA,lnuC,0
3412,QHPDA,lnuC,0
3413,QHWS,lnuC,0
3414,QHWW,lnuC,0
3415,QHW,lnuC,0
3416,QHYWS,lnuC,0
3417,TFQHA,lnuC,0
3418,DYBA,marA,0
3419,DYG1,marA,0
3420,DYG2,marA,0
3421,DYG3,marA,0
3422,DYS2A,marA,0
3423,DYT1,marA,0
3424,DYW1A,marA,0
3425,FAQHA,marA,0
3426,FAQHYA,marA,0
3427,HYBA,marA,0
3428,HYG2,marA,0
3429,HYG3,marA,0
3430,HYHNGS,marA,0
3431,HYLY1,marA,0
3432,HYLY2,marA,0
3433,HYLY3,marA,0
3434,HYSZGW,marA,0
3435,HYT1,marA,1
3436,HYY1,marA,0
3437,HYY2,marA,0
3438,HYYLWS,marA,0
3439,HYYLWW,marA,0
3440,LRDYA,marA,1
3441,LRDYYA,marA,0
3442,LRHYA,marA,0
3443,LRHYYA,marA,0
3444,LRLSA,marA,0
3445,LRLSYA,marA,0
3446,LRQHA,marA,0
3447,LRQHWA,marA,0
3448,LRQHYWA,marA,1
3449,LSBA,marA,0
3450,LSDG1,marA,0
3451,LSDG2,marA,0
3452,LSDG3,marA,0
3453,LSGG1,marA,1
3454,LSGG2,marA,0
3455,LSGG3,marA,0
3456,LSGLB1,marA,0
3457,LSGY1,marA,1
3458,LSGY2,marA,0
3459,LSGY3,marA,0
3460,LSSA,marA,0
3461,LSWA,marA,0
3462,PCQHA,marA,0
3463,QHBA,marA,0
3464,QHDG1,marA,0
3465,QHDG2,marA,0
3466,QHDG3,marA,0
3467,QHDT1,marA,0
3468,QHDW1,marA,0
3469,QHDW2,marA,0
3470,QHDW3,marA,0
3471,QHDYW1,marA,0
3472,QHDYW2,marA,0
3473,QHDYW3,marA,1
3474,QHLW,marA,0
3475,QHMG1,marA,0
3476,QHMG2,marA,1
3477,QHMW1,marA,1
3478,QHPA,marA,0
3479,QHPDA,marA,0
3480,QHWS,marA,0
3481,QHWW,marA,0
3482,QHW,marA,0
3483,QHYWS,marA,0
3484,TFQHA,marA,0
3485,DYBA,mdtA,0
3486,DYG1,mdtA,0
3487,DYG2,mdtA,0
3488,DYG3,mdtA,0
3489,DYS2A,mdtA,0
3490,DYT1,mdtA,0
3491,DYW1A,mdtA,0
3492,FAQHA,mdtA,0
3493,FAQHYA,mdtA,0
3494,HYBA,mdtA,0
3495,HYG2,mdtA,0
3496,HYG3,mdtA,0
3497,HYHNGS,mdtA,0
3498,HYLY1,mdtA,0
3499,HYLY2,mdtA,0
3500,HYLY3,mdtA,0
3501,HYSZGW,mdtA,0
3502,HYT1,mdtA,0
3503,HYY1,mdtA,0
3504,HYY2,mdtA,0
3505,HYYLWS,mdtA,0
3506,HYYLWW,mdtA,0
3507,LRDYA,mdtA,0
3508,LRDYYA,mdtA,0
3509,LRHYA,mdtA,0
3510,LRHYYA,mdtA,0
3511,LRLSA,mdtA,0
3512,LRLSYA,mdtA,0
3513,LRQHA,mdtA,0
3514,LRQHWA,mdtA,0
3515,LRQHYWA,mdtA,0
3516,LSBA,mdtA,0
3517,LSDG1,mdtA,0
3518,LSDG2,mdtA,0
3519,LSDG3,mdtA,0
3520,LSGG1,mdtA,0
3521,LSGG2,mdtA,0
3522,LSGG3,mdtA,0
3523,LSGLB1,mdtA,0
3524,LSGY1,mdtA,0
3525,LSGY2,mdtA,0
3526,LSGY3,mdtA,0
3527,LSSA,mdtA,0
3528,LSWA,mdtA,0
3529,PCQHA,mdtA,0
3530,QHBA,mdtA,0
3531,QHDG1,mdtA,0
3532,QHDG2,mdtA,0
3533,QHDG3,mdtA,0
3534,QHDT1,mdtA,0
3535,QHDW1,mdtA,0
3536,QHDW2,mdtA,0
3537,QHDW3,mdtA,0
3538,QHDYW1,mdtA,0
3539,QHDYW2,mdtA,0
3540,QHDYW3,mdtA,0
3541,QHLW,mdtA,0
3542,QHMG1,mdtA,0
3543,QHMG2,mdtA,1
3544,QHMW1,mdtA,0
3545,QHPA,mdtA,0
3546,QHPDA,mdtA,0
3547,QHWS,mdtA,0
3548,QHWW,mdtA,0
3549,QHW,mdtA,0
3550,QHYWS,mdtA,0
3551,TFQHA,mdtA,0
3552,DYBA,mdtE,0
3553,DYG1,mdtE,0
3554,DYG2,mdtE,0
3555,DYG3,mdtE,0
3556,DYS2A,mdtE,0
3557,DYT1,mdtE,0
3558,DYW1A,mdtE,0
3559,FAQHA,mdtE,0
3560,FAQHYA,mdtE,0
3561,HYBA,mdtE,0
3562,HYG2,mdtE,0
3563,HYG3,mdtE,0
3564,HYHNGS,mdtE,0
3565,HYLY1,mdtE,0
3566,HYLY2,mdtE,0
3567,HYLY3,mdtE,0
3568,HYSZGW,mdtE,0
3569,HYT1,mdtE,0
3570,HYY1,mdtE,0
3571,HYY2,mdtE,0
3572,HYYLWS,mdtE,0
3573,HYYLWW,mdtE,0
3574,LRDYA,mdtE,0
3575,LRDYYA,mdtE,0
3576,LRHYA,mdtE,0
3577,LRHYYA,mdtE,0
3578,LRLSA,mdtE,0
3579,LRLSYA,mdtE,0
3580,LRQHA,mdtE,0
3581,LRQHWA,mdtE,0
3582,LRQHYWA,mdtE,0
3583,LSBA,mdtE,0
3584,LSDG1,mdtE,0
3585,LSDG2,mdtE,0
3586,LSDG3,mdtE,0
3587,LSGG1,mdtE,0
3588,LSGG2,mdtE,0
3589,LSGG3,mdtE,0
3590,LSGLB1,mdtE,0
3591,LSGY1,mdtE,0
3592,LSGY2,mdtE,0
3593,LSGY3,mdtE,0
3594,LSSA,mdtE,0
3595,LSWA,mdtE,0
3596,PCQHA,mdtE,0
3597,QHBA,mdtE,0
3598,QHDG1,mdtE,0
3599,QHDG2,mdtE,0
3600,QHDG3,mdtE,0
3601,QHDT1,mdtE,0
3602,QHDW1,mdtE,0
3603,QHDW2,mdtE,0
3604,QHDW3,mdtE,0
3605,QHDYW1,mdtE,0
3606,QHDYW2,mdtE,0
3607,QHDYW3,mdtE,0
3608,QHLW,mdtE,0
3609,QHMG1,mdtE,0
3610,QHMG2,mdtE,1
3611,QHMW1,mdtE,1
3612,QHPA,mdtE,0
3613,QHPDA,mdtE,0
3614,QHWS,mdtE,0
3615,QHWW,mdtE,0
3616,QHW,mdtE,0
3617,QHYWS,mdtE,0
3618,TFQHA,mdtE,0
3619,DYBA,mgrB,0
3620,DYG1,mgrB,0
3621,DYG2,mgrB,0
3622,DYG3,mgrB,0
3623,DYS2A,mgrB,0
3624,DYT1,mgrB,0
3625,DYW1A,mgrB,0
3626,FAQHA,mgrB,0
3627,FAQHYA,mgrB,0
3628,HYBA,mgrB,0
3629,HYG2,mgrB,0
3630,HYG3,mgrB,0
3631,HYHNGS,mgrB,0
3632,HYLY1,mgrB,0
3633,HYLY2,mgrB,0
3634,HYLY3,mgrB,0
3635,HYSZGW,mgrB,0
3636,HYT1,mgrB,0
3637,HYY1,mgrB,0
3638,HYY2,mgrB,0
3639,HYYLWS,mgrB,0
3640,HYYLWW,mgrB,0
3641,LRDYA,mgrB,0
3642,LRDYYA,mgrB,0
3643,LRHYA,mgrB,0
3644,LRHYYA,mgrB,0
3645,LRLSA,mgrB,0
3646,LRLSYA,mgrB,0
3647,LRQHA,mgrB,0
3648,LRQHWA,mgrB,0
3649,LRQHYWA,mgrB,0
3650,LSBA,mgrB,0
3651,LSDG1,mgrB,0
3652,LSDG2,mgrB,0
3653,LSDG3,mgrB,0
3654,LSGG1,mgrB,1
3655,LSGG2,mgrB,0
3656,LSGG3,mgrB,0
3657,LSGLB1,mgrB,0
3658,LSGY1,mgrB,0
3659,LSGY2,mgrB,0
3660,LSGY3,mgrB,0
3661,LSSA,mgrB,0
3662,LSWA,mgrB,0
3663,PCQHA,mgrB,0
3664,QHBA,mgrB,0
3665,QHDG1,mgrB,0
3666,QHDG2,mgrB,0
3667,QHDG3,mgrB,0
3668,QHDT1,mgrB,0
3669,QHDW1,mgrB,0
3670,QHDW2,mgrB,0
3671,QHDW3,mgrB,0
3672,QHDYW1,mgrB,0
3673,QHDYW2,mgrB,0
3674,QHDYW3,mgrB,0
3675,QHLW,mgrB,0
3676,QHMG1,mgrB,0
3677,QHMG2,mgrB,0
3678,QHMW1,mgrB,1
3679,QHPA,mgrB,0
3680,QHPDA,mgrB,0
3681,QHWS,mgrB,0
3682,QHWW,mgrB,0
3683,QHW,mgrB,0
3684,QHYWS,mgrB,0
3685,TFQHA,mgrB,0
3686,DYBA,mipA,0
3687,DYG1,mipA,0
3688,DYG2,mipA,0
3689,DYG3,mipA,0
3690,DYS2A,mipA,0
3691,DYT1,mipA,0
3692,DYW1A,mipA,0
3693,FAQHA,mipA,0
3694,FAQHYA,mipA,0
3695,HYBA,mipA,0
3696,HYG2,mipA,0
3697,HYG3,mipA,0
3698,HYHNGS,mipA,0
3699,HYLY1,mipA,0
3700,HYLY2,mipA,0
3701,HYLY3,mipA,0
3702,HYSZGW,mipA,0
3703,HYT1,mipA,0
3704,HYY1,mipA,0
3705,HYY2,mipA,0
3706,HYYLWS,mipA,0
3707,HYYLWW,mipA,0
3708,LRDYA,mipA,0
3709,LRDYYA,mipA,0
3710,LRHYA,mipA,0
3711,LRHYYA,mipA,0
3712,LRLSA,mipA,0
3713,LRLSYA,mipA,0
3714,LRQHA,mipA,0
3715,LRQHWA,mipA,0
3716,LRQHYWA,mipA,0
3717,LSBA,mipA,0
3718,LSDG1,mipA,0
3719,LSDG2,mipA,0
3720,LSDG3,mipA,0
3721,LSGG1,mipA,0
3722,LSGG2,mipA,0
3723,LSGG3,mipA,0
3724,LSGLB1,mipA,0
3725,LSGY1,mipA,0
3726,LSGY2,mipA,0
3727,LSGY3,mipA,0
3728,LSSA,mipA,0
3729,LSWA,mipA,0
3730,PCQHA,mipA,0
3731,QHBA,mipA,0
3732,QHDG1,mipA,0
3733,QHDG2,mipA,0
3734,QHDG3,mipA,0
3735,QHDT1,mipA,0
3736,QHDW1,mipA,0
3737,QHDW2,mipA,0
3738,QHDW3,mipA,0
3739,QHDYW1,mipA,0
3740,QHDYW2,mipA,0
3741,QHDYW3,mipA,0
3742,QHLW,mipA,0
3743,QHMG1,mipA,0
3744,QHMG2,mipA,1
3745,QHMW1,mipA,0
3746,QHPA,mipA,0
3747,QHPDA,mipA,0
3748,QHWS,mipA,0
3749,QHWW,mipA,0
3750,QHW,mipA,0
3751,QHYWS,mipA,0
3752,TFQHA,mipA,0
3753,DYBA,mlaD,0
3754,DYG1,mlaD,0
3755,DYG2,mlaD,0
3756,DYG3,mlaD,0
3757,DYS2A,mlaD,0
3758,DYT1,mlaD,0
3759,DYW1A,mlaD,0
3760,FAQHA,mlaD,0
3761,FAQHYA,mlaD,0
3762,HYBA,mlaD,0
3763,HYG2,mlaD,0
3764,HYG3,mlaD,0
3765,HYHNGS,mlaD,0
3766,HYLY1,mlaD,0
3767,HYLY2,mlaD,0
3768,HYLY3,mlaD,0
3769,HYSZGW,mlaD,0
3770,HYT1,mlaD,0
3771,HYY1,mlaD,0
3772,HYY2,mlaD,0
3773,HYYLWS,mlaD,0
3774,HYYLWW,mlaD,0
3775,LRDYA,mlaD,1
3776,LRDYYA,mlaD,0
3777,LRHYA,mlaD,0
3778,LRHYYA,mlaD,0
3779,LRLSA,mlaD,0
3780,LRLSYA,mlaD,0
3781,LRQHA,mlaD,0
3782,LRQHWA,mlaD,0
3783,LRQHYWA,mlaD,1
3784,LSBA,mlaD,0
3785,LSDG1,mlaD,0
3786,LSDG2,mlaD,0
3787,LSDG3,mlaD,0
3788,LSGG1,mlaD,0
3789,LSGG2,mlaD,0
3790,LSGG3,mlaD,0
3791,LSGLB1,mlaD,0
3792,LSGY1,mlaD,0
3793,LSGY2,mlaD,0
3794,LSGY3,mlaD,0
3795,LSSA,mlaD,0
3796,LSWA,mlaD,0
3797,PCQHA,mlaD,0
3798,QHBA,mlaD,0
3799,QHDG1,mlaD,0
3800,QHDG2,mlaD,0
3801,QHDG3,mlaD,0
3802,QHDT1,mlaD,0
3803,QHDW1,mlaD,0
3804,QHDW2,mlaD,0
3805,QHDW3,mlaD,0
3806,QHDYW1,mlaD,0
3807,QHDYW2,mlaD,0
3808,QHDYW3,mlaD,0
3809,QHLW,mlaD,0
3810,QHMG1,mlaD,0
3811,QHMG2,mlaD,1
3812,QHMW1,mlaD,0
3813,QHPA,mlaD,0
3814,QHPDA,mlaD,0
3815,QHWS,mlaD,0
3816,QHWW,mlaD,0
3817,QHW,mlaD,0
3818,QHYWS,mlaD,0
3819,TFQHA,mlaD,0
3820,DYBA,mlaF,0
3821,DYG1,mlaF,0
3822,DYG2,mlaF,0
3823,DYG3,mlaF,0
3824,DYS2A,mlaF,0
3825,DYT1,mlaF,0
3826,DYW1A,mlaF,0
3827,FAQHA,mlaF,0
3828,FAQHYA,mlaF,0
3829,HYBA,mlaF,0
3830,HYG2,mlaF,0
3831,HYG3,mlaF,0
3832,HYHNGS,mlaF,0
3833,HYLY1,mlaF,0
3834,HYLY2,mlaF,0
3835,HYLY3,mlaF,0
3836,HYSZGW,mlaF,0
3837,HYT1,mlaF,0
3838,HYY1,mlaF,0
3839,HYY2,mlaF,0
3840,HYYLWS,mlaF,0
3841,HYYLWW,mlaF,0
3842,LRDYA,mlaF,1
3843,LRDYYA,mlaF,0
3844,LRHYA,mlaF,0
3845,LRHYYA,mlaF,0
3846,LRLSA,mlaF,0
3847,LRLSYA,mlaF,0
3848,LRQHA,mlaF,0
3849,LRQHWA,mlaF,0
3850,LRQHYWA,mlaF,1
3851,LSBA,mlaF,0
3852,LSDG1,mlaF,0
3853,LSDG2,mlaF,0
3854,LSDG3,mlaF,0
3855,LSGG1,mlaF,0
3856,LSGG2,mlaF,0
3857,LSGG3,mlaF,0
3858,LSGLB1,mlaF,0
3859,LSGY1,mlaF,0
3860,LSGY2,mlaF,0
3861,LSGY3,mlaF,0
3862,LSSA,mlaF,0
3863,LSWA,mlaF,0
3864,PCQHA,mlaF,0
3865,QHBA,mlaF,0
3866,QHDG1,mlaF,0
3867,QHDG2,mlaF,0
3868,QHDG3,mlaF,0
3869,QHDT1,mlaF,0
3870,QHDW1,mlaF,0
3871,QHDW2,mlaF,0
3872,QHDW3,mlaF,0
3873,QHDYW1,mlaF,0
3874,QHDYW2,mlaF,0
3875,QHDYW3,mlaF,0
3876,QHLW,mlaF,0
3877,QHMG1,mlaF,0
3878,QHMG2,mlaF,1
3879,QHMW1,mlaF,1
3880,QHPA,mlaF,0
3881,QHPDA,mlaF,0
3882,QHWS,mlaF,0
3883,QHWW,mlaF,0
3884,QHW,mlaF,0
3885,QHYWS,mlaF,0
3886,TFQHA,mlaF,0
3887,DYBA,msbA,0
3888,DYG1,msbA,0
3889,DYG2,msbA,0
3890,DYG3,msbA,0
3891,DYS2A,msbA,0
3892,DYT1,msbA,0
3893,DYW1A,msbA,0
3894,FAQHA,msbA,0
3895,FAQHYA,msbA,0
3896,HYBA,msbA,0
3897,HYG2,msbA,0
3898,HYG3,msbA,0
3899,HYHNGS,msbA,0
3900,HYLY1,msbA,0
3901,HYLY2,msbA,0
3902,HYLY3,msbA,0
3903,HYSZGW,msbA,0
3904,HYT1,msbA,0
3905,HYY1,msbA,0
3906,HYY2,msbA,0
3907,HYYLWS,msbA,0
3908,HYYLWW,msbA,0
3909,LRDYA,msbA,0
3910,LRDYYA,msbA,0
3911,LRHYA,msbA,0
3912,LRHYYA,msbA,0
3913,LRLSA,msbA,0
3914,LRLSYA,msbA,0
3915,LRQHA,msbA,0
3916,LRQHWA,msbA,0
3917,LRQHYWA,msbA,0
3918,LSBA,msbA,0
3919,LSDG1,msbA,0
3920,LSDG2,msbA,0
3921,LSDG3,msbA,0
3922,LSGG1,msbA,0
3923,LSGG2,msbA,0
3924,LSGG3,msbA,0
3925,LSGLB1,msbA,0
3926,LSGY1,msbA,0
3927,LSGY2,msbA,0
3928,LSGY3,msbA,0
3929,LSSA,msbA,0
3930,LSWA,msbA,0
3931,PCQHA,msbA,0
3932,QHBA,msbA,0
3933,QHDG1,msbA,0
3934,QHDG2,msbA,0
3935,QHDG3,msbA,0
3936,QHDT1,msbA,0
3937,QHDW1,msbA,0
3938,QHDW2,msbA,0
3939,QHDW3,msbA,0
3940,QHDYW1,msbA,0
3941,QHDYW2,msbA,0
3942,QHDYW3,msbA,0
3943,QHLW,msbA,0
3944,QHMG1,msbA,0
3945,QHMG2,msbA,1
3946,QHMW1,msbA,0
3947,QHPA,msbA,0
3948,QHPDA,msbA,0
3949,QHWS,msbA,0
3950,QHWW,msbA,0
3951,QHW,msbA,0
3952,QHYWS,msbA,0
3953,TFQHA,msbA,0
3954,DYBA,qacE.,0
3955,DYG1,qacE.,0
3956,DYG2,qacE.,0
3957,DYG3,qacE.,0
3958,DYS2A,qacE.,0
3959,DYT1,qacE.,0
3960,DYW1A,qacE.,0
3961,FAQHA,qacE.,0
3962,FAQHYA,qacE.,0
3963,HYBA,qacE.,0
3964,HYG2,qacE.,0
3965,HYG3,qacE.,0
3966,HYHNGS,qacE.,0
3967,HYLY1,qacE.,0
3968,HYLY2,qacE.,0
3969,HYLY3,qacE.,0
3970,HYSZGW,qacE.,0
3971,HYT1,qacE.,0
3972,HYY1,qacE.,0
3973,HYY2,qacE.,0
3974,HYYLWS,qacE.,0
3975,HYYLWW,qacE.,0
3976,LRDYA,qacE.,0
3977,LRDYYA,qacE.,0
3978,LRHYA,qacE.,0
3979,LRHYYA,qacE.,0
3980,LRLSA,qacE.,0
3981,LRLSYA,qacE.,0
3982,LRQHA,qacE.,0
3983,LRQHWA,qacE.,0
3984,LRQHYWA,qacE.,0
3985,LSBA,qacE.,0
3986,LSDG1,qacE.,0
3987,LSDG2,qacE.,0
3988,LSDG3,qacE.,0
3989,LSGG1,qacE.,0
3990,LSGG2,qacE.,0
3991,LSGG3,qacE.,0
3992,LSGLB1,qacE.,0
3993,LSGY1,qacE.,0
3994,LSGY2,qacE.,0
3995,LSGY3,qacE.,0
3996,LSSA,qacE.,0
3997,LSWA,qacE.,0
3998,PCQHA,qacE.,0
3999,QHBA,qacE.,0
4000,QHDG1,qacE.,0
4001,QHDG2,qacE.,0
4002,QHDG3,qacE.,0
4003,QHDT1,qacE.,0
4004,QHDW1,qacE.,0
4005,QHDW2,qacE.,0
4006,QHDW3,qacE.,0
4007,QHDYW1,qacE.,0
4008,QHDYW2,qacE.,0
4009,QHDYW3,qacE.,0
4010,QHLW,qacE.,0
4011,QHMG1,qacE.,0
4012,QHMG2,qacE.,0
4013,QHMW1,qacE.,1
4014,QHPA,qacE.,0
4015,QHPDA,qacE.,0
4016,QHWS,qacE.,0
4017,QHWW,qacE.,0
4018,QHW,qacE.,0
4019,QHYWS,qacE.,0
4020,TFQHA,qacE.,0
4021,DYBA,sul2,0
4022,DYG1,sul2,0
4023,DYG2,sul2,0
4024,DYG3,sul2,0
4025,DYS2A,sul2,0
4026,DYT1,sul2,0
4027,DYW1A,sul2,0
4028,FAQHA,sul2,0
4029,FAQHYA,sul2,0
4030,HYBA,sul2,0
4031,HYG2,sul2,0
4032,HYG3,sul2,0
4033,HYHNGS,sul2,0
4034,HYLY1,sul2,0
4035,HYLY2,sul2,0
4036,HYLY3,sul2,0
4037,HYSZGW,sul2,0
4038,HYT1,sul2,0
4039,HYY1,sul2,0
4040,HYY2,sul2,0
4041,HYYLWS,sul2,0
4042,HYYLWW,sul2,0
4043,LRDYA,sul2,0
4044,LRDYYA,sul2,0
4045,LRHYA,sul2,0
4046,LRHYYA,sul2,0
4047,LRLSA,sul2,0
4048,LRLSYA,sul2,0
4049,LRQHA,sul2,0
4050,LRQHWA,sul2,0
4051,LRQHYWA,sul2,0
4052,LSBA,sul2,0
4053,LSDG1,sul2,0
4054,LSDG2,sul2,0
4055,LSDG3,sul2,0
4056,LSGG1,sul2,0
4057,LSGG2,sul2,0
4058,LSGG3,sul2,0
4059,LSGLB1,sul2,0
4060,LSGY1,sul2,0
4061,LSGY2,sul2,0
4062,LSGY3,sul2,0
4063,LSSA,sul2,0
4064,LSWA,sul2,0
4065,PCQHA,sul2,0
4066,QHBA,sul2,0
4067,QHDG1,sul2,0
4068,QHDG2,sul2,0
4069,QHDG3,sul2,0
4070,QHDT1,sul2,0
4071,QHDW1,sul2,0
4072,QHDW2,sul2,0
4073,QHDW3,sul2,0
4074,QHDYW1,sul2,0
4075,QHDYW2,sul2,0
4076,QHDYW3,sul2,0
4077,QHLW,sul2,0
4078,QHMG1,sul2,0
4079,QHMG2,sul2,0
4080,QHMW1,sul2,1
4081,QHPA,sul2,0
4082,QHPDA,sul2,0
4083,QHWS,sul2,0
4084,QHWW,sul2,0
4085,QHW,sul2,0
4086,QHYWS,sul2,0
4087,TFQHA,sul2,0
4088,DYBA,sul3,0
4089,DYG1,sul3,0
4090,DYG2,sul3,0
4091,DYG3,sul3,0
4092,DYS2A,sul3,0
4093,DYT1,sul3,0
4094,DYW1A,sul3,0
4095,FAQHA,sul3,0
4096,FAQHYA,sul3,0
4097,HYBA,sul3,0
4098,HYG2,sul3,0
4099,HYG3,sul3,0
4100,HYHNGS,sul3,0
4101,HYLY1,sul3,0
4102,HYLY2,sul3,0
4103,HYLY3,sul3,0
4104,HYSZGW,sul3,0
4105,HYT1,sul3,0
4106,HYY1,sul3,0
4107,HYY2,sul3,0
4108,HYYLWS,sul3,0
4109,HYYLWW,sul3,0
4110,LRDYA,sul3,0
4111,LRDYYA,sul3,0
4112,LRHYA,sul3,0
4113,LRHYYA,sul3,0
4114,LRLSA,sul3,0
4115,LRLSYA,sul3,0
4116,LRQHA,sul3,0
4117,LRQHWA,sul3,0
4118,LRQHYWA,sul3,0
4119,LSBA,sul3,0
4120,LSDG1,sul3,0
4121,LSDG2,sul3,0
4122,LSDG3,sul3,0
4123,LSGG1,sul3,0
4124,LSGG2,sul3,0
4125,LSGG3,sul3,0
4126,LSGLB1,sul3,0
4127,LSGY1,sul3,0
4128,LSGY2,sul3,0
4129,LSGY3,sul3,0
4130,LSSA,sul3,0
4131,LSWA,sul3,0
4132,PCQHA,sul3,0
4133,QHBA,sul3,0
4134,QHDG1,sul3,0
4135,QHDG2,sul3,0
4136,QHDG3,sul3,0
4137,QHDT1,sul3,0
4138,QHDW1,sul3,0
4139,QHDW2,sul3,0
4140,QHDW3,sul3,0
4141,QHDYW1,sul3,0
4142,QHDYW2,sul3,0
4143,QHDYW3,sul3,1
4144,QHLW,sul3,0
4145,QHMG1,sul3,0
4146,QHMG2,sul3,0
4147,QHMW1,sul3,1
4148,QHPA,sul3,0
4149,QHPDA,sul3,0
4150,QHWS,sul3,0
4151,QHWW,sul3,0
4152,QHW,sul3,0
4153,QHYWS,sul3,0
4154,TFQHA,sul3,0
4155,DYBA,tet_L_,0
4156,DYG1,tet_L_,0
4157,DYG2,tet_L_,0
4158,DYG3,tet_L_,0
4159,DYS2A,tet_L_,0
4160,DYT1,tet_L_,1
4161,DYW1A,tet_L_,0
4162,FAQHA,tet_L_,0
4163,FAQHYA,tet_L_,0
4164,HYBA,tet_L_,0
4165,HYG2,tet_L_,0
4166,HYG3,tet_L_,0
4167,HYHNGS,tet_L_,0
4168,HYLY1,tet_L_,1
4169,HYLY2,tet_L_,0
4170,HYLY3,tet_L_,0
4171,HYSZGW,tet_L_,0
4172,HYT1,tet_L_,0
4173,HYY1,tet_L_,0
4174,HYY2,tet_L_,0
4175,HYYLWS,tet_L_,0
4176,HYYLWW,tet_L_,0
4177,LRDYA,tet_L_,0
4178,LRDYYA,tet_L_,0
4179,LRHYA,tet_L_,0
4180,LRHYYA,tet_L_,0
4181,LRLSA,tet_L_,0
4182,LRLSYA,tet_L_,0
4183,LRQHA,tet_L_,0
4184,LRQHWA,tet_L_,1
4185,LRQHYWA,tet_L_,0
4186,LSBA,tet_L_,0
4187,LSDG1,tet_L_,0
4188,LSDG2,tet_L_,0
4189,LSDG3,tet_L_,0
4190,LSGG1,tet_L_,0
4191,LSGG2,tet_L_,0
4192,LSGG3,tet_L_,0
4193,LSGLB1,tet_L_,1
4194,LSGY1,tet_L_,0
4195,LSGY2,tet_L_,0
4196,LSGY3,tet_L_,0
4197,LSSA,tet_L_,0
4198,LSWA,tet_L_,0
4199,PCQHA,tet_L_,0
4200,QHBA,tet_L_,0
4201,QHDG1,tet_L_,1
4202,QHDG2,tet_L_,1
4203,QHDG3,tet_L_,0
4204,QHDT1,tet_L_,1
4205,QHDW1,tet_L_,0
4206,QHDW2,tet_L_,0
4207,QHDW3,tet_L_,1
4208,QHDYW1,tet_L_,0
4209,QHDYW2,tet_L_,0
4210,QHDYW3,tet_L_,0
4211,QHLW,tet_L_,0
4212,QHMG1,tet_L_,0
4213,QHMG2,tet_L_,1
4214,QHMW1,tet_L_,1
4215,QHPA,tet_L_,0
4216,QHPDA,tet_L_,0
4217,QHWS,tet_L_,0
4218,QHWW,tet_L_,0
4219,QHW,tet_L_,0
4220,QHYWS,tet_L_,0
4221,TFQHA,tet_L_,0
4222,DYBA,tet_M_,0
4223,DYG1,tet_M_,0
4224,DYG2,tet_M_,0
4225,DYG3,tet_M_,0
4226,DYS2A,tet_M_,0
4227,DYT1,tet_M_,0
4228,DYW1A,tet_M_,0
4229,FAQHA,tet_M_,0
4230,FAQHYA,tet_M_,0
4231,HYBA,tet_M_,0
4232,HYG2,tet_M_,0
4233,HYG3,tet_M_,0
4234,HYHNGS,tet_M_,0
4235,HYLY1,tet_M_,0
4236,HYLY2,tet_M_,0
4237,HYLY3,tet_M_,0
4238,HYSZGW,tet_M_,0
4239,HYT1,tet_M_,0
4240,HYY1,tet_M_,0
4241,HYY2,tet_M_,0
4242,HYYLWS,tet_M_,0
4243,HYYLWW,tet_M_,0
4244,LRDYA,tet_M_,0
4245,LRDYYA,tet_M_,0
4246,LRHYA,tet_M_,0
4247,LRHYYA,tet_M_,0
4248,LRLSA,tet_M_,0
4249,LRLSYA,tet_M_,0
4250,LRQHA,tet_M_,0
4251,LRQHWA,tet_M_,0
4252,LRQHYWA,tet_M_,0
4253,LSBA,tet_M_,0
4254,LSDG1,tet_M_,0
4255,LSDG2,tet_M_,0
4256,LSDG3,tet_M_,0
4257,LSGG1,tet_M_,0
4258,LSGG2,tet_M_,0
4259,LSGG3,tet_M_,0
4260,LSGLB1,tet_M_,0
4261,LSGY1,tet_M_,0
4262,LSGY2,tet_M_,0
4263,LSGY3,tet_M_,0
4264,LSSA,tet_M_,0
4265,LSWA,tet_M_,0
4266,PCQHA,tet_M_,0
4267,QHBA,tet_M_,0
4268,QHDG1,tet_M_,0
4269,QHDG2,tet_M_,0
4270,QHDG3,tet_M_,0
4271,QHDT1,tet_M_,0
4272,QHDW1,tet_M_,0
4273,QHDW2,tet_M_,0
4274,QHDW3,tet_M_,0
4275,QHDYW1,tet_M_,0
4276,QHDYW2,tet_M_,0
4277,QHDYW3,tet_M_,0
4278,QHLW,tet_M_,0
4279,QHMG1,tet_M_,0
4280,QHMG2,tet_M_,0
4281,QHMW1,tet_M_,1
4282,QHPA,tet_M_,0
4283,QHPDA,tet_M_,0
4284,QHWS,tet_M_,0
4285,QHWW,tet_M_,0
4286,QHW,tet_M_,0
4287,QHYWS,tet_M_,0
4288,TFQHA,tet_M_,0
4289,DYBA,tet_U_,0
4290,DYG1,tet_U_,0
4291,DYG2,tet_U_,0
4292,DYG3,tet_U_,0
4293,DYS2A,tet_U_,0
4294,DYT1,tet_U_,0
4295,DYW1A,tet_U_,0
4296,FAQHA,tet_U_,0
4297,FAQHYA,tet_U_,0
4298,HYBA,tet_U_,0
4299,HYG2,tet_U_,0
4300,HYG3,tet_U_,0
4301,HYHNGS,tet_U_,0
4302,HYLY1,tet_U_,0
4303,HYLY2,tet_U_,0
4304,HYLY3,tet_U_,0
4305,HYSZGW,tet_U_,0
4306,HYT1,tet_U_,0
4307,HYY1,tet_U_,0
4308,HYY2,tet_U_,0
4309,HYYLWS,tet_U_,0
4310,HYYLWW,tet_U_,0
4311,LRDYA,tet_U_,0
4312,LRDYYA,tet_U_,0
4313,LRHYA,tet_U_,0
4314,LRHYYA,tet_U_,0
4315,LRLSA,tet_U_,0
4316,LRLSYA,tet_U_,0
4317,LRQHA,tet_U_,0
4318,LRQHWA,tet_U_,0
4319,LRQHYWA,tet_U_,0
4320,LSBA,tet_U_,0
4321,LSDG1,tet_U_,0
4322,LSDG2,tet_U_,0
4323,LSDG3,tet_U_,0
4324,LSGG1,tet_U_,0
4325,LSGG2,tet_U_,0
4326,LSGG3,tet_U_,0
4327,LSGLB1,tet_U_,0
4328,LSGY1,tet_U_,0
4329,LSGY2,tet_U_,0
4330,LSGY3,tet_U_,0
4331,LSSA,tet_U_,0
4332,LSWA,tet_U_,0
4333,PCQHA,tet_U_,0
4334,QHBA,tet_U_,0
4335,QHDG1,tet_U_,0
4336,QHDG2,tet_U_,0
4337,QHDG3,tet_U_,0
4338,QHDT1,tet_U_,0
4339,QHDW1,tet_U_,0
4340,QHDW2,tet_U_,0
4341,QHDW3,tet_U_,0
4342,QHDYW1,tet_U_,0
4343,QHDYW2,tet_U_,0
4344,QHDYW3,tet_U_,1
4345,QHLW,tet_U_,0
4346,QHMG1,tet_U_,0
4347,QHMG2,tet_U_,0
4348,QHMW1,tet_U_,0
4349,QHPA,tet_U_,0
4350,QHPDA,tet_U_,0
4351,QHWS,tet_U_,0
4352,QHWW,tet_U_,0
4353,QHW,tet_U_,0
4354,QHYWS,tet_U_,0
4355,TFQHA,tet_U_,0
4356,DYBA,tet_X.,0
4357,DYG1,tet_X.,0
4358,DYG2,tet_X.,0
4359,DYG3,tet_X.,0
4360,DYS2A,tet_X.,1
4361,DYT1,tet_X.,0
4362,DYW1A,tet_X.,0
4363,FAQHA,tet_X.,0
4364,FAQHYA,tet_X.,0
4365,HYBA,tet_X.,0
4366,HYG2,tet_X.,0
4367,HYG3,tet_X.,0
4368,HYHNGS,tet_X.,0
4369,HYLY1,tet_X.,0
4370,HYLY2,tet_X.,0
4371,HYLY3,tet_X.,0
4372,HYSZGW,tet_X.,0
4373,HYT1,tet_X.,0
4374,HYY1,tet_X.,0
4375,HYY2,tet_X.,0
4376,HYYLWS,tet_X.,0
4377,HYYLWW,tet_X.,0
4378,LRDYA,tet_X.,0
4379,LRDYYA,tet_X.,0
4380,LRHYA,tet_X.,0
4381,LRHYYA,tet_X.,0
4382,LRLSA,tet_X.,0
4383,LRLSYA,tet_X.,0
4384,LRQHA,tet_X.,0
4385,LRQHWA,tet_X.,0
4386,LRQHYWA,tet_X.,0
4387,LSBA,tet_X.,0
4388,LSDG1,tet_X.,0
4389,LSDG2,tet_X.,0
4390,LSDG3,tet_X.,0
4391,LSGG1,tet_X.,0
4392,LSGG2,tet_X.,0
4393,LSGG3,tet_X.,0
4394,LSGLB1,tet_X.,0
4395,LSGY1,tet_X.,0
4396,LSGY2,tet_X.,0
4397,LSGY3,tet_X.,0
4398,LSSA,tet_X.,0
4399,LSWA,tet_X.,0
4400,PCQHA,tet_X.,0
4401,QHBA,tet_X.,0
4402,QHDG1,tet_X.,0
4403,QHDG2,tet_X.,0
4404,QHDG3,tet_X.,0
4405,QHDT1,tet_X.,0
4406,QHDW1,tet_X.,0
4407,QHDW2,tet_X.,0
4408,QHDW3,tet_X.,0
4409,QHDYW1,tet_X.,0
4410,QHDYW2,tet_X.,0
4411,QHDYW3,tet_X.,0
4412,QHLW,tet_X.,0
4413,QHMG1,tet_X.,0
4414,QHMG2,tet_X.,0
4415,QHMW1,tet_X.,0
4416,QHPA,tet_X.,0
4417,QHPDA,tet_X.,0
4418,QHWS,tet_X.,0
4419,QHWW,tet_X.,0
4420,QHW,tet_X.,0
4421,QHYWS,tet_X.,0
4422,TFQHA,tet_X.,0
4423,DYBA,uhpA,0
4424,DYG1,uhpA,0
4425,DYG2,uhpA,0
4426,DYG3,uhpA,0
4427,DYS2A,uhpA,0
4428,DYT1,uhpA,0
4429,DYW1A,uhpA,0
4430,FAQHA,uhpA,0
4431,FAQHYA,uhpA,0
4432,HYBA,uhpA,0
4433,HYG2,uhpA,0
4434,HYG3,uhpA,0
4435,HYHNGS,uhpA,0
4436,HYLY1,uhpA,0
4437,HYLY2,uhpA,0
4438,HYLY3,uhpA,0
4439,HYSZGW,uhpA,0
4440,HYT1,uhpA,0
4441,HYY1,uhpA,0
4442,HYY2,uhpA,0
4443,HYYLWS,uhpA,0
4444,HYYLWW,uhpA,0
4445,LRDYA,uhpA,1
4446,LRDYYA,uhpA,0
4447,LRHYA,uhpA,0
4448,LRHYYA,uhpA,0
4449,LRLSA,uhpA,0
4450,LRLSYA,uhpA,0
4451,LRQHA,uhpA,0
4452,LRQHWA,uhpA,0
4453,LRQHYWA,uhpA,0
4454,LSBA,uhpA,0
4455,LSDG1,uhpA,0
4456,LSDG2,uhpA,0
4457,LSDG3,uhpA,0
4458,LSGG1,uhpA,0
4459,LSGG2,uhpA,0
4460,LSGG3,uhpA,0
4461,LSGLB1,uhpA,0
4462,LSGY1,uhpA,0
4463,LSGY2,uhpA,0
4464,LSGY3,uhpA,0
4465,LSSA,uhpA,0
4466,LSWA,uhpA,0
4467,PCQHA,uhpA,0
4468,QHBA,uhpA,0
4469,QHDG1,uhpA,0
4470,QHDG2,uhpA,0
4471,QHDG3,uhpA,0
4472,QHDT1,uhpA,0
4473,QHDW1,uhpA,0
4474,QHDW2,uhpA,0
4475,QHDW3,uhpA,0
4476,QHDYW1,uhpA,0
4477,QHDYW2,uhpA,0
4478,QHDYW3,uhpA,0
4479,QHLW,uhpA,0
4480,QHMG1,uhpA,0
4481,QHMG2,uhpA,0
4482,QHMW1,uhpA,0
4483,QHPA,uhpA,0
4484,QHPDA,uhpA,0
4485,QHWS,uhpA,0
4486,QHWW,uhpA,0
4487,QHW,uhpA,0
4488,QHYWS,uhpA,0
4489,TFQHA,uhpA,0
